0,1,2,3
0.034923915,0.96424806,0.0005793698,0.00024864072
0.9997392,0.00013222243,4.3199892e-05,8.545393e-05
0.9990068,0.00056676683,0.0001456988,0.0002808273
0.99964786,0.0001512103,6.838715e-05,0.00013256424
0.9996861,7.761683e-05,0.00012433631,0.00011199273
0.9996184,0.00013248033,3.645117e-05,0.00021266982
0.99980026,3.4897133e-05,7.811836e-05,8.679235e-05
0.99972576,9.419692e-05,9.038412e-05,8.969546e-05
0.9996828,0.00020701977,5.2011295e-05,5.821696e-05
0.99959666,0.00010537856,0.00012587768,0.00017217702
0.99980134,7.6482305e-05,4.6554487e-05,7.560114e-05
0.9962022,0.0012123107,0.0012225533,0.0013629148
0.9996631,0.00014064246,6.30289e-05,0.00013317424
0.9997296,0.0001262154,5.0329178e-05,9.396149e-05
0.9998056,4.7811336e-05,7.2179675e-05,7.429584e-05
0.99942553,0.00021283796,0.00017106741,0.00019051833
0.9981425,0.0008405318,0.00041195742,0.00060508394
0.9997322,7.7448945e-05,8.590944e-05,0.00010445795
0.99955744,0.00019793728,9.256409e-05,0.00015203495
0.99956447,0.00022605628,3.9509057e-05,0.00016985269
0.9997774,4.684852e-05,7.882557e-05,9.694684e-05
0.9997447,0.00010175726,9.30158e-05,6.0533515e-05
0.9993332,0.00018240779,0.00025377568,0.00023066778
0.9981135,0.00093946897,0.00026433668,0.00068261055
0.99976605,6.814274e-05,8.077348e-05,8.497698e-05
0.99956137,9.4165174e-05,0.00018511417,0.00015925503
0.9996805,0.00012857799,9.823298e-05,9.27571e-05
0.99956185,7.041748e-05,6.6458975e-05,0.00030122238
0.99976116,6.397969e-05,5.3906788e-05,0.00012097674
0.99971133,9.986802e-05,5.471361e-05,0.00013404994
0.99979097,8.8970904e-05,4.452686e-05,7.5464064e-05
0.9990446,0.000421896,0.00016281889,0.00037062922
0.9974241,0.002123941,0.0003033577,0.00014868479
0.999617,0.0002462074,5.60615e-05,8.078587e-05
0.99960965,0.00019282113,0.00010570483,9.18073e-05
0.99966633,0.00013596729,8.998391e-05,0.00010776341
0.9995846,0.00025079344,7.6796794e-05,8.783627e-05
0.99965703,0.00012850534,7.46709e-05,0.00013974795
0.99962866,0.00013130876,0.00011076736,0.00012917293
0.9835808,0.012481648,0.0013534642,0.0025841051
0.99960226,0.00015900309,0.00015127622,8.7370805e-05
0.23129602,0.7670102,0.000674596,0.0010192199
0.99963665,0.00013118362,9.342524e-05,0.00013873194
0.34194106,0.65015703,0.0038551413,0.004046807
0.9990798,0.00036012038,0.00024135929,0.0003186769
0.9996586,0.00022655002,5.4782042e-05,6.0105907e-05
0.9996724,7.068378e-05,0.00017125119,8.5707914e-05
0.9990288,0.0006691709,0.00015469453,0.00014731548
0.9997228,3.933803e-05,0.0001114408,0.00012640787
0.9972389,0.0023718055,0.00014145601,0.00024788946
0.99965024,0.00019191735,4.8352555e-05,0.000109490415
0.99688464,0.0012223938,0.0010327806,0.00086017506
0.995327,0.0018329007,0.001754934,0.0010850999
0.9995486,0.00010978312,0.00013374531,0.00020788658
0.043789558,0.9235278,0.028659578,0.0040229755
0.65943116,0.3385253,0.0014173312,0.0006262289
0.9997253,8.729593e-05,0.000110141904,7.722964e-05
0.999653,0.00014310655,5.7982896e-05,0.00014589625
0.9996555,0.000108856715,8.422142e-05,0.0001514074
0.99949324,9.484333e-05,0.00011401862,0.00029781985
0.999585,0.00024288836,8.596752e-05,8.628028e-05
0.99959725,0.00010690874,0.00013265263,0.00016326153
0.9996989,9.1990085e-05,0.00012268228,8.64791e-05
0.999624,0.00016518195,9.679498e-05,0.000113983195
0.9997383,0.0001667495,4.5342447e-05,4.9674472e-05
0.0363549,0.20366246,0.7559267,0.004055848
0.99611413,0.0002311987,0.00026546858,0.003389185
0.8476782,0.00042666285,0.09899201,0.052903194
0.98068297,0.017999241,0.00039722543,0.0009205927
0.9984053,0.00021529096,0.0003832532,0.0009961639
0.0068978798,0.00070380286,0.9835128,0.008885408
0.99979407,5.927205e-05,7.1791794e-05,7.488625e-05
0.9997105,0.00019530064,4.264869e-05,5.1467894e-05
0.99976796,0.00014028478,4.420711e-05,4.7604753e-05
0.9995296,0.00010592604,0.00022382858,0.00014074858
0.99939716,6.652844e-05,0.00016058686,0.00037572405
0.018431546,0.9759414,0.004468377,0.001158587
0.99964166,0.00021237177,8.428839e-05,6.1728366e-05
0.99973446,0.00011189587,6.727112e-05,8.6408065e-05
0.9931463,0.005431959,0.00022449899,0.0011972509
0.9996239,0.00016428629,8.483179e-05,0.00012697773
0.9997522,0.00012646744,6.520188e-05,5.6127454e-05
0.999529,0.00031070405,7.61193e-05,8.417768e-05
0.99969244,8.540251e-05,6.994756e-05,0.00015218982
0.05694765,0.88318366,0.057608295,0.0022604787
0.99942255,9.096235e-05,0.00024243211,0.000244089
0.9855273,0.013404723,0.0006833194,0.00038473535
0.99950063,0.00019545582,8.8474866e-05,0.00021540573
0.9994973,0.0002884071,5.4919972e-05,0.00015935724
0.9990533,0.0005442162,0.00017800403,0.00022443052
0.9996019,0.00015610707,8.018357e-05,0.00016186129
0.999358,0.00028654686,9.842725e-05,0.0002570349
0.99982244,6.417924e-05,4.279469e-05,7.061151e-05
0.99963033,0.00014669348,7.7790864e-05,0.0001451059
0.9996351,0.00012729512,5.959492e-05,0.00017800259
0.9996742,0.00010997086,5.8510115e-05,0.00015733951
0.003678335,0.98648757,0.009337285,0.00049681705
0.99960595,0.00015151661,0.0001140454,0.00012856067
0.9992849,0.00030017266,0.00011777641,0.00029710648
0.9995421,0.00027251773,5.4905257e-05,0.00013046808
0.9961903,0.0016168006,0.0009546318,0.0012382268
0.99974316,0.00014324892,5.8798658e-05,5.4881904e-05
0.99943084,0.00029872396,0.0001021145,0.00016829798
0.99979085,6.5011795e-05,6.097027e-05,8.313928e-05
0.9974642,0.002257326,9.622489e-05,0.00018227792
0.9997645,0.00012242152,5.1979e-05,6.116848e-05
0.999729,7.324727e-05,0.00012022103,7.752599e-05
0.99955934,0.0003165029,6.989257e-05,5.4247488e-05
0.9990075,0.00072039815,0.00012485926,0.00014730096
0.9535593,0.018782802,0.0016375802,0.026020307
0.9985084,0.00095539837,0.00016825863,0.00036788773
0.49534678,0.5033792,0.00073284516,0.0005412026
0.9996006,8.4830775e-05,0.0001766554,0.00013801458
0.9995252,0.000121447745,0.00015782383,0.00019551898
0.9996593,9.418535e-05,8.093286e-05,0.00016556076
0.34640375,0.00065678736,0.009172972,0.6437665
0.999526,0.0002662986,0.00011060451,9.7067605e-05
0.9997353,0.0001123458,6.3187166e-05,8.912459e-05
0.99972814,0.00014798093,6.3106985e-05,6.0715152e-05
0.9995906,0.00020543483,5.3621097e-05,0.0001503296
0.99639636,0.0005099294,0.00013693434,0.0029567382
0.99981076,6.5675566e-05,6.214273e-05,6.14695e-05
0.99912316,0.00067846314,4.1230298e-05,0.00015716627
0.9997009,0.0001891953,4.2984953e-05,6.691216e-05
0.9996326,0.00014428436,9.4457195e-05,0.00012865647
0.9993512,0.00014899847,0.00011151991,0.00038828008
0.9988192,0.00067554356,0.00020944663,0.00029577976
0.99976784,7.930505e-05,7.1704446e-05,8.1076076e-05
0.9996859,5.6788005e-05,0.00011025968,0.00014710553
0.99940264,0.00021047248,8.895977e-05,0.00029794424
0.99899894,0.00071225857,0.00013597542,0.00015279996
0.9981198,0.0014894075,0.00018928216,0.00020146504
0.99952745,0.00018749558,0.000105495135,0.00017956369
0.99969435,8.417314e-05,0.00010053024,0.00012093243
0.99973017,0.00011962372,7.66114e-05,7.351903e-05
0.9158348,0.08117801,0.0008317635,0.0021553729
0.99941885,0.00014544702,0.00018255203,0.0002531887
0.9996499,0.00014364348,5.885814e-05,0.00014761006
0.99923575,0.0003005876,8.7118315e-05,0.0003766457
0.9996909,5.0598657e-05,6.791135e-05,0.00019063072
0.9996418,0.00013145305,0.00010247274,0.00012428965
0.9972282,0.00019060558,0.00012424443,0.0024569833
0.99978286,6.9738795e-05,6.6248314e-05,8.117547e-05
0.9993616,0.00019871548,7.791553e-05,0.00036184516
0.9992843,0.00028277174,0.0002124745,0.00022043823
0.99936324,0.0004329686,0.00012199346,8.181096e-05
0.9997528,0.000107441476,8.294487e-05,5.6811903e-05
0.9995994,0.00013476153,9.209056e-05,0.00017376736
0.9994898,0.000392188,4.8710026e-05,6.926439e-05
0.99815696,0.000400438,0.00048596435,0.00095659663
0.99965584,0.00011288986,0.000121641555,0.00010961891
0.013603042,0.9817068,0.004336149,0.0003539968
0.99963105,0.000115501185,0.00012319509,0.00013020264
0.99928904,0.0003375923,0.00013430664,0.00023911714
0.9996861,0.00013793969,9.80657e-05,7.7934965e-05
0.9981863,0.0015568545,0.00018860372,6.81822e-05
0.9821644,0.011186123,0.0031628744,0.0034866636
0.9997658,0.00012497083,5.5075576e-05,5.4119362e-05
0.009128905,0.95233524,0.037386116,0.0011497345
0.999765,8.005673e-05,4.8743983e-05,0.00010623489
0.9981869,0.0014599834,6.572473e-05,0.0002874198
0.016410464,0.98183227,0.0012509408,0.00050634856
0.9988003,0.00044821767,0.00010780269,0.00064368895
0.9997515,5.8194317e-05,6.89684e-05,0.00012130402
0.9996381,0.00018162768,8.196764e-05,9.827294e-05
0.9963348,0.0033193962,0.00012991692,0.00021587862
0.99962175,0.00016925571,5.552135e-05,0.00015348427
0.9996829,5.7396166e-05,9.195002e-05,0.0001676993
0.9996107,0.00012690244,8.1422455e-05,0.00018100627
0.9981102,0.00038684526,0.00022715135,0.0012758186
0.10023634,0.00064681534,0.088707015,0.81040984
0.9977539,0.00015573944,0.00012497723,0.0019652944
0.99583673,0.0010371885,0.0003570557,0.002769045
0.99930036,0.0003455975,8.606861e-05,0.0002679216
0.99153733,0.0022167664,0.00073727214,0.0055087553
0.9996904,0.00015472775,5.9663955e-05,9.5229494e-05
0.99961746,9.609276e-05,0.000109449145,0.00017700644
0.99969137,0.00017954622,5.09459e-05,7.825376e-05
0.9997094,6.238743e-05,0.00012880142,9.928276e-05
0.049547587,0.89325905,0.055606987,0.0015863955
0.987862,0.011697977,0.00014667197,0.00029336588
0.99840206,0.0011140566,0.00016935563,0.0003145228
0.9996433,0.00022712111,6.628937e-05,6.332051e-05
0.9996878,0.00015039009,7.358781e-05,8.835221e-05
0.999741,0.000114633214,5.7151905e-05,8.7136774e-05
0.9996437,7.241163e-05,8.5461565e-05,0.00019842933
0.9992867,0.0003344078,0.000115999006,0.00026291914
0.9996704,0.00012615713,0.00010271598,0.000100704965
0.99967265,0.00017715791,7.2305105e-05,7.792514e-05
0.9994673,0.00028748784,9.034627e-05,0.00015492339
0.99828845,0.00045406137,0.00016762053,0.001089845
0.9603713,0.0376411,0.0010484458,0.0009390963
0.99963963,0.00019985365,8.861512e-05,7.1839124e-05
0.99978465,7.131135e-05,4.8746664e-05,9.524937e-05
0.99955636,0.00011117567,0.00018878462,0.00014364428
0.99797946,0.000952166,0.00032071094,0.0007476064
0.9997197,0.0001472378,4.8092028e-05,8.4901425e-05
0.99929345,0.00047401543,0.00010335227,0.00012909366
0.9988399,0.0005824906,0.00022388092,0.00035376704
0.9995484,0.00020694162,0.00011687587,0.00012781101
0.9995091,0.00015054429,0.00016042727,0.00017995914
0.99830186,0.00072298537,0.0001961031,0.00077902165
0.0085577285,0.98484147,0.006224683,0.00037621532
0.9997874,0.00011881477,5.3132997e-05,4.0598705e-05
0.99741495,0.002032368,0.00012796938,0.00042469884
0.999099,0.00047785137,9.457221e-05,0.0003285847
0.99973375,0.0001612088,5.071876e-05,5.4274286e-05
0.9997758,0.000102720434,5.1746287e-05,6.979246e-05
0.9994753,0.0001726357,0.00018438257,0.00016768527
0.002925801,0.9918249,0.004887814,0.0003614641
0.9996971,9.078946e-05,7.312627e-05,0.00013901076
0.99975055,9.426072e-05,8.744103e-05,6.7763365e-05
0.997881,0.001534814,0.00025302102,0.0003311789
0.99950576,0.00027158373,4.7354086e-05,0.00017530282
0.04515983,0.9339922,0.015865318,0.0049825883
0.9996101,0.00020139501,6.202625e-05,0.00012644306
0.998168,0.00150355,0.00022333402,0.00010513787
0.9962853,0.002330941,0.0005158199,0.00086786237
0.99974126,9.9245604e-05,4.3301283e-05,0.00011625382
0.99979275,0.000105737,4.5007233e-05,5.6489524e-05
0.9987822,0.0008858244,9.806996e-05,0.00023390859
0.9995441,0.00013295561,0.000115001174,0.00020798716
0.9994986,0.00023901225,0.00013892844,0.00012345384
0.99966884,0.00020784653,5.1094128e-05,7.219389e-05
0.9997892,6.3953914e-05,5.8019177e-05,8.8791145e-05
0.99973065,9.884547e-05,5.6206645e-05,0.00011420329
0.9995596,5.9537815e-05,0.00019815151,0.00018267457
0.9991648,0.0006739434,8.02585e-05,8.102926e-05
0.9996588,6.408294e-05,0.00016436254,0.0001127328
0.9986325,0.00067247136,0.00046984342,0.00022518933
0.99965966,0.00013700026,8.13607e-05,0.000121965415
0.9277931,0.064292766,0.00113701,0.0067771217
0.99961936,0.00015700654,9.6284384e-05,0.00012728463
0.9995666,0.00014649554,0.00017200559,0.0001148201
0.99967897,9.4013645e-05,5.3060452e-05,0.000173984
0.9997402,0.00015820305,4.7603706e-05,5.4100947e-05
0.006377384,0.9890141,0.004046032,0.0005624709
0.99945444,0.00012214137,0.00014931858,0.00027409598
0.99964285,0.000185071,7.051667e-05,0.000101519894
0.99956256,0.00012838676,6.630393e-05,0.00024282641
0.016753605,0.9763358,0.0063712616,0.0005392859
0.99938357,0.00016374973,0.000110491776,0.00034218474
0.99947757,0.0003940305,5.1307285e-05,7.7030316e-05
0.999587,0.00012468518,7.0113005e-05,0.0002182424
0.9377059,0.06000356,0.0010854055,0.0012051025
0.9997011,0.00012999028,8.848307e-05,8.0500555e-05
0.9990521,0.00074168935,0.00012796704,7.8233104e-05
0.9997415,8.310443e-05,7.078507e-05,0.000104557585
0.9997389,9.480107e-05,5.3482414e-05,0.00011278279
0.99934846,8.376203e-05,0.00033503186,0.00023273558
0.99979275,9.342638e-05,3.9514834e-05,7.4245436e-05
0.9943873,0.0015357818,0.0007870554,0.003289708
0.9996834,8.030153e-05,0.00010414768,0.00013222576
0.9989943,0.00083656685,9.4660645e-05,7.4446456e-05
0.10018911,0.874141,0.025253313,0.00041660355
0.99971324,9.415451e-05,8.858099e-05,0.00010406333
0.9994061,0.00034641652,0.0001027138,0.00014476183
0.9996257,8.02114e-05,0.00018227962,0.00011180061
0.99966,4.4944773e-05,0.00017605755,0.000119029966
0.99957484,0.00020271071,0.00012668264,9.578052e-05
0.99922025,0.0003548122,0.00013508544,0.0002898979
0.9990102,0.00032751658,0.00015121115,0.0005109846
0.9996599,0.00016605278,8.387224e-05,9.011308e-05
0.9997501,0.000112178095,4.7751542e-05,8.991844e-05
0.9997464,6.1022703e-05,6.0306535e-05,0.00013231709
0.99965215,0.00018871,6.652783e-05,9.259979e-05
0.99973816,9.193889e-05,5.635999e-05,0.00011351736
0.9997352,0.00013295059,5.2892112e-05,7.900376e-05
0.99973124,9.618924e-05,8.135441e-05,9.111393e-05
0.9890261,0.008113243,0.0005385953,0.0023220999
0.99967074,0.00010755874,0.00010684576,0.00011475389
0.9996424,9.814861e-05,0.00012586184,0.00013364565
0.9995528,0.0002388511,8.2710445e-05,0.00012564514
0.99866736,0.0004224812,0.00041779934,0.00049241964
0.9994967,0.00016416515,0.00021471862,0.00012438663
0.9997936,5.8796468e-05,7.1144605e-05,7.651718e-05
0.9984133,0.0009854541,0.0003569319,0.00024425425
0.99956256,0.00025118983,0.000101969024,8.4255196e-05
0.9997657,8.062908e-05,8.30231e-05,7.056833e-05
0.9996668,0.000102344144,9.589014e-05,0.00013496203
0.99970275,9.127944e-05,8.943041e-05,0.000116603645
0.9992125,0.00031793147,0.00012487154,0.0003447173
0.99971217,7.887073e-05,8.466163e-05,0.00012435473
0.999485,0.00016337297,0.00013037717,0.00022120049
0.9997665,7.934155e-05,6.8870395e-05,8.528537e-05
0.9997857,9.3481336e-05,6.419292e-05,5.655149e-05
0.99938154,0.00011905947,0.00016780985,0.0003314527
0.9996867,0.00020692918,4.665461e-05,5.9799935e-05
0.99956316,0.00015386421,0.00013126359,0.00015169098
0.99937135,0.0002563949,7.642434e-05,0.0002958778
0.009532326,0.97708625,0.012974612,0.0004066852
0.9996131,0.00013939134,5.648568e-05,0.0001910891
0.99940634,0.00026346772,0.00017342722,0.00015678516
0.99193704,0.007315762,0.00041624033,0.00033100657
0.033816095,0.0010118737,0.94323707,0.021934975
0.9996216,9.232247e-05,0.00013588644,0.00015021718
0.9996575,0.000226671,5.1155275e-05,6.4643944e-05
0.9995472,0.0003018915,6.104336e-05,8.986925e-05
0.98648363,0.007997737,0.004331181,0.0011874612
0.99954695,0.00021150561,5.595278e-05,0.00018556134
0.99951196,8.9834284e-05,0.00010735649,0.00029090547
0.9995826,5.9525784e-05,0.0002207062,0.00013723565
0.9993124,0.00024278251,0.00012873195,0.0003159977
0.9973924,0.0008025447,0.00074443757,0.0010605796
0.39207914,0.60220885,0.0034597297,0.0022522393
0.99964356,0.00014777534,6.98034e-05,0.00013887598
0.9996145,0.00015248581,0.00012378766,0.000109137894
0.9997235,0.0001631855,4.1942843e-05,7.139463e-05
0.9995011,0.00019449515,8.820548e-05,0.00021625488
0.9992817,0.00030019289,0.00026855842,0.00014959363
0.9996152,0.00012437516,0.0001364265,0.00012399924
0.037020877,0.027417088,0.932847,0.0027150137
0.9953792,0.00082745485,0.0008873964,0.0029058382
0.9985379,0.0011324183,0.00015011414,0.00017955674
0.99975103,9.085403e-05,8.811268e-05,6.998676e-05
0.9995239,0.00028487036,0.000104677296,8.657403e-05
0.27828968,0.7114047,0.0048770853,0.005428498
0.99964654,0.0001795411,8.6918735e-05,8.706126e-05
0.04192018,0.95640856,0.0014232694,0.00024794813
0.99917275,0.0002958032,0.00010374781,0.00042766822
0.9996669,0.00016790371,9.336634e-05,7.1848895e-05
0.9996462,0.00017451886,4.0981755e-05,0.0001382687
0.99962926,0.00020789244,7.531484e-05,8.7560016e-05
0.99969184,0.00011276587,8.7943095e-05,0.00010740725
0.9996823,0.000114709044,9.8248434e-05,0.000104776685
0.9994504,0.00013276284,9.003519e-05,0.0003267469
0.27555507,0.7201841,0.0019384435,0.002322353
0.99930084,0.00044551428,0.00010707516,0.0001465087
0.002240881,0.98999596,0.007260368,0.00050273025
0.9943929,0.00488567,9.244819e-05,0.00062900473
0.9997348,0.00015932413,4.2230866e-05,6.362584e-05
0.99903095,0.000599239,0.00019533547,0.00017447934
0.9996364,0.00017733709,8.011747e-05,0.00010621273
0.998928,0.00036947333,0.00011430844,0.0005881799
0.07198867,0.44541106,0.47848523,0.004115064
0.9997813,0.00010812129,6.1006387e-05,4.9505124e-05
0.9996972,0.0001337704,6.899222e-05,0.00010004658
0.99891293,0.00051715114,0.0002086025,0.0003612964
0.99963284,0.0001276217,0.00015069681,8.8740766e-05
0.9997842,9.660592e-05,5.5808403e-05,6.347673e-05
0.99919134,0.00017602973,0.00038472598,0.00024789324
0.9995084,0.0001956002,0.00016974488,0.00012625345
0.99956006,7.377192e-05,0.00017583492,0.00019028976
0.99980193,7.689469e-05,5.6707406e-05,6.442715e-05
0.9990859,0.00070329034,8.1552804e-05,0.0001292526
0.9995443,0.00032627967,8.391447e-05,4.5443554e-05
0.9995565,0.00019238917,8.287064e-05,0.00016830757
0.9996026,0.0002770085,6.9515154e-05,5.0889328e-05
0.9997627,9.348453e-05,7.751234e-05,6.637599e-05
0.99966,0.00021672309,4.4801287e-05,7.844857e-05
0.9997242,5.3238742e-05,0.00013993726,8.261355e-05
0.62573624,0.36202085,0.00461431,0.0076286453
0.9996829,0.00014146055,0.00010502335,7.0666996e-05
0.9992312,0.00042162745,0.00016738345,0.00017985457
0.9997235,0.00014958614,7.4314536e-05,5.253938e-05
0.9987165,0.0006944138,0.00026945496,0.00031970782
0.99307007,0.0055274754,0.00053315004,0.00086925644
0.9967686,0.00077005936,0.00022472616,0.0022366557
0.9997446,6.103813e-05,9.232318e-05,0.00010202486
0.9995092,0.00015905456,9.0239926e-05,0.00024150862
0.91736704,0.08189896,0.00046962977,0.00026444328
0.998659,0.001111793,9.483596e-05,0.00013427202
0.9997216,8.721905e-05,0.00011932463,7.186153e-05
0.99867034,0.0007706282,0.0003140929,0.0002449898
0.99924856,0.00052716135,6.4339554e-05,0.00015995074
0.99973947,0.000102748454,7.195656e-05,8.575888e-05
0.99973243,0.0001136481,8.09621e-05,7.302287e-05
0.99959236,7.3336014e-05,0.00018050733,0.00015381382
0.9977859,0.0018737528,0.0001931252,0.00014714822
0.9997211,8.791381e-05,0.00012410207,6.687032e-05
0.026871052,0.112064615,0.8574584,0.0036059453
0.12830406,0.8682953,0.0029280507,0.0004726272
0.9996722,0.00018733057,7.741992e-05,6.308629e-05
0.9997217,5.7031233e-05,7.8319674e-05,0.00014296839
0.99941826,9.819325e-05,9.420253e-05,0.00038933454
0.99855787,7.27949e-05,0.0002647241,0.0011045724
0.9996424,5.725007e-05,0.00015037337,0.00014993046
0.9997445,0.00010790779,5.8093985e-05,8.952639e-05
0.99954766,0.000109792854,0.00016071509,0.00018181695
0.999754,8.557198e-05,9.328174e-05,6.712542e-05
0.99941087,0.0003849228,9.233074e-05,0.00011190607
0.9992482,0.00017558872,0.000114715665,0.0004615207
0.9997509,7.314346e-05,6.681711e-05,0.000109119275
0.999721,0.00010765405,0.00010454668,6.679664e-05
0.99194545,0.00705954,0.00013838902,0.00085669226
0.99938667,0.00042141083,5.2928663e-05,0.00013898789
0.99915755,0.000696244,7.484464e-05,7.1359456e-05
0.9994949,0.00021183716,0.0001600854,0.00013304774
0.9991666,0.0005448352,0.00011618998,0.0001724348
0.9997638,7.098235e-05,8.113832e-05,8.4088155e-05
0.99966717,0.0001740002,7.411013e-05,8.469359e-05
0.9997042,6.234511e-05,4.88378e-05,0.0001845564
0.98891747,0.010368471,0.00021803111,0.0004961043
0.99825245,0.000792386,0.00063749717,0.0003176378
0.99966073,8.174647e-05,9.908847e-05,0.00015852513
0.9992667,5.6877176e-05,9.3364484e-05,0.0005830586
0.4830321,0.030110572,0.02279924,0.46405804
0.9995454,0.00012128619,6.1199185e-05,0.00027200585
0.99915123,0.0006867268,6.213095e-05,9.980987e-05
0.99958986,0.00019404679,7.380135e-05,0.00014234212
0.9996842,0.0001784034,7.451429e-05,6.296913e-05
0.9970144,0.0026790665,8.021135e-05,0.00022625417
0.99941957,0.00035941205,0.00015556265,6.5431355e-05
0.9996475,0.0001427541,7.8129604e-05,0.00013162015
0.9994825,0.00025570454,9.87774e-05,0.00016299127
0.99863535,0.00038871454,0.000242101,0.00073372724
0.9993082,0.00014199619,0.0003768466,0.00017294809
0.9996878,0.00013886439,8.1328224e-05,9.214536e-05
0.99972004,0.0001372137,8.1855396e-05,6.0836315e-05
0.99859685,0.0009855144,0.00012325487,0.00029442285
0.99972206,4.5797766e-05,7.1180984e-05,0.00016095083
0.9997688,0.000106651394,7.4515556e-05,5.0079212e-05
0.9996214,9.491675e-05,8.9796245e-05,0.00019377333
0.9802454,0.01673616,0.00033635402,0.0026820903
0.006208187,0.0037258286,0.9779245,0.012141472
0.26296678,0.0042658714,0.15001118,0.58275616
0.9998036,8.580152e-05,4.612099e-05,6.452434e-05
0.9986432,0.0003446413,0.00024375148,0.00076828984
0.99975413,8.408133e-05,0.000106757805,5.5030356e-05
0.99955565,0.00019422013,0.0001463889,0.00010362171
0.7701184,0.03869269,0.18323474,0.007954187
0.9983576,0.0014358727,8.368337e-05,0.00012284248
0.99977463,7.9503385e-05,5.212035e-05,9.3808856e-05
0.99947935,5.2933214e-05,0.00024327415,0.00022443417
0.9986811,0.0008516878,0.00016463002,0.00030255932
0.99560744,0.00065135706,0.00093070377,0.002810446
0.9996613,0.00016914931,8.6387e-05,8.318094e-05
0.9998061,9.8578974e-05,4.9943243e-05,4.5440458e-05
0.9997367,8.651116e-05,8.257346e-05,9.410897e-05
0.9997185,9.835614e-05,6.6989574e-05,0.00011613382
0.99595684,0.0024187362,0.00022609996,0.0013982956
0.9996661,0.00010830119,8.2236795e-05,0.00014342021
0.99190134,0.006979007,0.00017048791,0.000949148
0.99977463,6.145245e-05,9.0923095e-05,7.2961484e-05
0.9997762,6.809849e-05,0.00010382927,5.1917483e-05
0.99917585,0.00068203337,5.316724e-05,8.896232e-05
0.99965644,9.1843474e-05,4.4248653e-05,0.00020751124
0.9994962,0.00018486995,0.00014147379,0.0001774633
0.9989209,0.00047157065,0.00029595918,0.00031165307
0.9988166,0.0004240242,0.00028729546,0.00047206742
0.99939275,0.0004943374,5.1868035e-05,6.109654e-05
0.004176189,0.97958827,0.015638601,0.0005969113
0.9996092,0.0001844991,6.4525695e-05,0.00014189408
0.9946444,0.00052298454,0.00010495343,0.0047276886
0.9994831,0.00034927114,8.496281e-05,8.2589606e-05
0.9981008,0.0011661215,0.0004053248,0.00032765872
0.99926096,0.00020180715,0.00021236825,0.0003248808
0.9995602,0.00013978906,6.7380344e-05,0.00023270474
0.9995875,0.00016162945,5.700286e-05,0.0001939274
0.9994435,0.0002630851,0.00015101324,0.00014242202
0.99922204,0.00043038817,0.00012513524,0.00022241173
0.9992168,0.00022277015,0.00011561959,0.00044472696
0.9997212,9.844255e-05,0.00011966955,6.0611408e-05
0.99860686,0.0003382169,0.00018305006,0.0008718588
0.9997298,8.622417e-05,7.130859e-05,0.00011270351
0.99935204,0.00019786018,0.00010074637,0.00034933537
0.9995567,0.00017284993,0.000104222716,0.00016618536
0.99751127,0.00021392068,0.00017798525,0.0020968327
0.9989309,0.00067659654,0.000274544,0.00011787648
0.99935335,0.0004674127,8.430789e-05,9.492633e-05
0.99955374,0.00030021247,4.525076e-05,0.00010069044
0.9996425,9.2534196e-05,0.00012210706,0.00014283646
0.008236325,0.98947716,0.0016719783,0.000614496
0.038275927,0.00472041,0.9517833,0.005220313
0.67464876,0.009156966,0.0068174805,0.30937678
0.9995521,0.00026675165,5.26858e-05,0.00012854616
0.99973017,0.00017316258,4.48749e-05,5.170446e-05
0.9997656,6.8380716e-05,8.259593e-05,8.341954e-05
0.09782783,0.88744336,0.013724224,0.001004576
0.99790025,0.0015456281,0.00033789832,0.00021628194
0.9990909,0.00018757445,0.00013728946,0.00058414775
0.02000745,0.0060955356,0.8573095,0.1165875
0.99957734,0.00018627728,0.000102185,0.00013411304
0.15505695,0.006553305,0.8352042,0.0031855484
0.010501729,0.00038704634,0.15359521,0.83551604
0.999757,6.4062406e-05,0.0001002042,7.8667385e-05
0.9998055,9.024714e-05,5.293297e-05,5.132563e-05
0.99935156,0.00045212946,8.54093e-05,0.00011091813
0.9993231,0.00045724597,0.00010592264,0.00011370475
0.999511,0.00013366874,5.385841e-05,0.00030152578
0.9996693,0.00017922527,8.087017e-05,7.0552305e-05
0.9995327,0.00015773368,0.00017163811,0.00013804986
0.9986443,0.0010803542,0.00010232061,0.0001731288
0.05109111,0.22404207,0.69888264,0.02598414
0.99972755,0.000113150076,8.287794e-05,7.644218e-05
0.99964666,8.2841376e-05,0.00014360192,0.00012687227
0.9996742,0.00016039396,9.138467e-05,7.399385e-05
0.999476,9.0679045e-05,0.0001321658,0.00030118096
0.99666107,0.0009828187,0.00048117188,0.0018749133
0.9996537,7.376447e-05,0.000112418194,0.00016019208
0.9989951,0.00019600453,0.00018097331,0.0006278824
0.99775094,0.00016310738,0.00015032534,0.0019356501
0.9996119,0.00010167826,9.645516e-05,0.00018998193
0.9997714,0.00011053496,4.4175653e-05,7.384686e-05
0.9990656,0.00041834518,0.000270829,0.00024530658
0.9996891,0.00011956019,0.00012748045,6.386469e-05
0.99946386,0.00028359744,6.175395e-05,0.00019079038
0.99972636,0.00012215597,4.609034e-05,0.00010530443
0.9997048,9.980472e-05,0.000102872546,9.25509e-05
0.9995005,7.002229e-05,9.0054564e-05,0.00033937444
0.9993231,0.00012643787,0.000108788874,0.00044170753
0.9994887,0.00013867687,0.00020484815,0.00016779648
0.9995497,0.0003062565,5.482698e-05,8.917495e-05
0.9993381,0.00016307327,8.198902e-05,0.0004168704
0.99973875,0.00015462415,4.3835753e-05,6.27714e-05
0.3358201,0.004302106,0.65011245,0.009765362
0.97200567,0.0057564387,0.019414099,0.0028237598
0.9988034,0.0009873769,5.2824522e-05,0.00015632817
0.99975985,7.014654e-05,7.86959e-05,9.128797e-05
0.9993742,0.00043500698,0.00011390039,7.690696e-05
0.98858005,0.010917743,0.00025468535,0.00024752773
0.99722147,0.0015896641,0.0002538323,0.0009350453
0.99972004,6.8311325e-05,0.00012308545,8.849311e-05
0.7037562,0.10882168,0.164563,0.022859072
0.010713295,0.0008111517,0.9499278,0.03854774
0.99974793,9.991645e-05,7.798729e-05,7.420191e-05
0.9998017,9.706947e-05,4.3251606e-05,5.7935253e-05
0.5435987,0.4538862,0.0018658855,0.00064913795
0.9995839,9.046062e-05,7.0125236e-05,0.0002555369
0.9986541,0.000996656,7.545421e-05,0.0002737412
0.99951434,9.3542185e-05,0.00019257967,0.00019954295
0.9996911,0.00020092001,4.3932432e-05,6.395685e-05
0.9997019,0.00013602803,6.304919e-05,9.896459e-05
0.9982741,0.001052692,0.00018917497,0.00048394996
0.9997669,4.567829e-05,8.907234e-05,9.8431476e-05
0.99969137,0.00017635008,5.873867e-05,7.35591e-05
0.9992799,0.00040262606,0.00014400776,0.00017340478
0.9993467,0.00011888467,0.000113401285,0.00042099928
0.99969685,0.00018648246,6.569578e-05,5.0985112e-05
0.99961215,0.00021040441,7.846755e-05,9.907307e-05
0.99936825,0.00014661867,0.00037175373,0.000113426126
0.9946291,0.0029695693,0.00054078636,0.0018605876
0.99956304,0.00026381956,0.00010516389,6.788305e-05
0.99961203,0.00026618515,5.1315554e-05,7.0431626e-05
0.9993161,0.00019984327,9.905544e-05,0.00038490284
0.99967074,0.00010778465,0.00010508248,0.00011639593
0.99975926,6.9517424e-05,6.548988e-05,0.000105658066
0.99956197,0.0001577249,9.571135e-05,0.00018458243
0.9995085,0.00012225649,0.0001056631,0.00026353862
0.99927944,0.00015158257,0.00019711131,0.0003718533
0.99885154,0.0001986044,0.00034487247,0.00060503295
0.9995685,0.00011539389,0.00012497693,0.0001911338
0.9994235,0.0002007894,7.2170944e-05,0.00030354
0.9997826,8.6079606e-05,5.4569566e-05,7.676543e-05
0.9841337,0.010041135,0.0011341961,0.0046909167
0.9951715,0.0039555808,0.0001977067,0.0006752048
0.999696,0.0001015127,0.00010995312,9.249714e-05
0.9997873,8.187151e-05,6.244646e-05,6.8385794e-05
0.99964786,0.00023028775,5.4165437e-05,6.7689434e-05
0.9989434,0.00030053515,0.000311732,0.00044430772
0.9988803,0.00031361292,0.00012846196,0.00067761063
0.99925476,0.0003564288,0.00020497626,0.00018377791
0.99974185,0.000117797914,8.747931e-05,5.2904474e-05
0.9994518,0.00021770966,0.00010732414,0.00022309173
0.99944764,0.00018274595,9.25534e-05,0.00027697772
0.999642,0.00013507971,7.199731e-05,0.00015087522
0.99978226,5.9164446e-05,6.814164e-05,9.0355265e-05
0.9988933,0.00062640454,0.00014275935,0.00033747693
0.99966264,6.028607e-05,0.000105103674,0.00017200965
0.9996848,6.5038934e-05,7.237759e-05,0.00017780783
0.99823296,0.0013022397,0.00015084213,0.0003138889
0.99965465,0.00011076517,9.309047e-05,0.00014150445
0.08735481,0.90862465,0.0029257217,0.0010948739
0.9996785,0.00017589431,6.265284e-05,8.299385e-05
0.9976069,0.0016033781,0.0002946546,0.00049499364
0.9992023,0.00062846194,5.0450803e-05,0.00011875067
0.99962723,0.00019224873,6.232736e-05,0.00011819456
0.9997819,6.553009e-05,6.3298794e-05,8.925208e-05
0.99973303,0.00013722843,4.432127e-05,8.545438e-05
0.014310308,0.9751912,0.01004793,0.00045063443
0.99909747,0.00059892354,0.0001263887,0.00017723083
0.99979216,7.4032934e-05,7.4002215e-05,5.9849208e-05
0.99964666,0.00014257316,5.4609412e-05,0.000156228
0.99410856,0.0004121685,0.00017455468,0.0053047696
0.99849856,0.00079137855,0.00020231446,0.0005077377
0.9993907,0.00020578237,9.1917456e-05,0.00031150543
0.99947554,0.0002493755,7.112523e-05,0.00020399352
0.9994242,0.00013060805,0.00012154172,0.00032369018
0.9994804,0.00026287732,0.00014687557,0.00010979332
0.99972135,7.495139e-05,8.816975e-05,0.00011553177
0.9989642,0.0004514515,0.00014296596,0.00044130746
0.99942625,0.00023996923,0.0001306447,0.00020307409
0.9975688,0.0018875833,0.00023460366,0.00030896094
0.049639072,0.10299764,0.8455513,0.0018120047
0.9894749,0.00871282,0.0007481002,0.0010641855
0.009607172,0.98865813,0.0014168235,0.00031782148
0.999022,0.00075622625,6.152625e-05,0.00016015195
0.28092408,0.7054429,0.012023184,0.0016098506
0.08188326,0.32865497,0.58513546,0.004326331
0.99972194,0.00016731143,4.167123e-05,6.8960704e-05
0.9981104,0.001530133,0.00012555084,0.00023394395
0.999762,0.00012476018,6.433217e-05,4.8936294e-05
0.9988644,0.00036228827,8.130318e-05,0.0006920076
0.9991393,0.0006490251,7.949736e-05,0.00013222212
0.0059847273,0.9721646,0.021428721,0.00042200336
0.9996444,0.00019884319,9.736903e-05,5.9438473e-05
0.9996903,7.632445e-05,0.00012114642,0.00011216218
0.9992489,0.00023845809,0.00018917526,0.0003234045
0.9995459,0.00013965342,0.00014632886,0.00016817069
0.99895465,0.00019063208,0.00014048677,0.00071421074
0.25892106,0.72616017,0.0118958745,0.0030228265
0.9997142,0.0001782246,4.270974e-05,6.489389e-05
0.9989454,0.0007887532,6.750086e-05,0.00019828505
0.9997639,0.00012362565,4.953784e-05,6.290421e-05
0.99953115,0.00026798883,5.5051674e-05,0.00014580086
0.03498946,0.9143213,0.05011667,0.00057253795
0.9982198,0.00015354727,0.00018152538,0.0014451667
0.99977964,0.000121108955,4.499832e-05,5.4189473e-05
0.99905986,0.0005236711,7.237969e-05,0.0003440774
0.99970716,0.00012331638,9.940475e-05,7.005908e-05
0.99964213,0.00020458477,7.941359e-05,7.3905925e-05
0.99967086,0.00011682766,8.2242754e-05,0.00013013704
0.99434173,0.0016252613,0.0009619561,0.0030710902
0.9656922,0.001173609,0.0033201955,0.029814078
0.99911565,0.0001650833,0.00043913862,0.00028012044
0.14073364,0.8416265,0.0164843,0.0011554814
0.9996898,0.00013096335,7.932722e-05,9.992198e-05
0.99964905,0.00013386071,8.626952e-05,0.00013078652
0.9885079,0.008181302,0.0014949864,0.0018156854
0.99893695,0.00078281894,9.356763e-05,0.00018663274
0.9996094,0.0001992852,5.1045554e-05,0.00014035018
0.9993149,8.444385e-05,0.00022032982,0.00038029897
0.99913496,0.00075197633,5.8923888e-05,5.4155666e-05
0.99967265,6.497231e-05,0.00014404334,0.00011826126
0.022579692,0.97068125,0.006151829,0.00058725034
0.99966013,0.00017299248,5.545268e-05,0.0001114623
0.09297941,0.7546888,0.14836124,0.003970511
0.9995684,5.024875e-05,0.00011757817,0.0002637078
0.99806243,0.00030619564,0.00034203674,0.0012893053
0.9997136,0.00014585085,6.739037e-05,7.3196636e-05
0.38111052,0.011534061,0.60115653,0.006198942
0.99962723,0.0002351371,5.5265547e-05,8.2359795e-05
0.9997552,0.000118750686,4.6213376e-05,7.980447e-05
0.35674068,0.00507241,0.008165348,0.6300216
0.9996244,0.00024717944,7.354477e-05,5.4945187e-05
0.99967194,8.72505e-05,5.54334e-05,0.00018535618
0.9997085,6.897445e-05,0.00012224015,0.00010025909
0.99623364,0.0011134576,0.00012937693,0.0025235508
0.9989066,0.0006537324,0.00015865789,0.00028107967
0.99926096,0.0005221852,9.614153e-05,0.00012073394
0.99947256,0.00017234965,0.0001604145,0.00019468796
0.9996289,0.00018819234,6.967275e-05,0.00011321706
0.9997172,0.000119928634,7.785834e-05,8.499584e-05
0.9996686,9.982109e-05,0.00010437443,0.0001271499
0.9993979,0.00036210945,0.00012870404,0.00011130199
0.008877199,0.9877523,0.002837844,0.00053264736
0.9995447,0.00029935237,6.8103116e-05,8.783863e-05
0.99973017,0.00013001762,5.41465e-05,8.5687774e-05
0.9992735,0.0002721721,0.00021290526,0.00024151406
0.99225205,0.00085965206,0.0009993303,0.0058889766
0.999627,5.157459e-05,0.00011426248,0.00020708227
0.9997489,8.80165e-05,7.073707e-05,9.225166e-05
0.9997445,7.8434474e-05,0.00010040201,7.67953e-05
0.99842703,0.0011564065,8.8543165e-05,0.00032800596
0.99890554,0.00032070195,0.00024111428,0.0005326449
0.9995012,0.0003360125,8.661659e-05,7.617943e-05
0.99967444,0.0001868131,7.92894e-05,5.9490107e-05
0.9998123,8.47382e-05,5.178446e-05,5.1278817e-05
0.999476,0.00033186833,0.00010862263,8.353538e-05
0.9996822,0.00010888486,0.00010899684,9.9915305e-05
0.9987974,0.0008531516,0.00021345566,0.00013592
0.99971384,5.0034978e-05,0.000114451504,0.00012166881
0.98557997,0.013209173,0.0003208814,0.00089000794
0.999605,0.00015799906,0.00010003888,0.00013696338
0.9987841,0.00084578566,0.0002320989,0.00013799527
0.9970379,0.0024148538,0.00018018449,0.00036710867
0.99967587,4.33515e-05,0.00011234491,0.00016835835
0.99946135,0.0003216574,9.807283e-05,0.00011893915
0.9997179,0.00010960189,8.95439e-05,8.297917e-05
0.9992151,0.00035616575,0.000253161,0.00017557069
0.009042908,0.98598653,0.00459609,0.0003744223
0.9990559,0.00077580556,5.9175392e-05,0.00010913705
0.99969316,0.00017733396,7.9839185e-05,4.972683e-05
0.9997255,9.556656e-05,7.095405e-05,0.00010798491
0.99970585,0.00012167677,0.00011395133,5.84988e-05
0.9995484,0.00021650657,0.000101729514,0.00013328562
0.9991984,0.00045869392,0.00010225757,0.00024077474
0.99940324,0.0002608657,0.0001955117,0.000140408
0.999361,0.00023452318,9.177309e-05,0.00031275378
0.064542115,0.9325771,0.0025794487,0.000301342
0.9242417,0.07020544,0.0006343169,0.0049185213
0.99972457,9.375014e-05,8.738866e-05,9.433381e-05
0.99970514,0.0001426276,8.714811e-05,6.50948e-05
0.9996855,4.796218e-05,0.00010318743,0.00016331067
0.99968934,0.00012777076,0.00010300259,7.990675e-05
0.99977106,0.00012375605,5.1489278e-05,5.3672833e-05
0.98932964,0.010022361,0.0004055918,0.00024247741
0.99976367,0.00011285144,5.3247597e-05,7.0209586e-05
0.9995763,0.00011823464,0.00011643255,0.00018908623
0.9994173,0.00018138991,0.00012011926,0.0002811864
0.9987179,0.0010278266,0.00011662072,0.00013757708
0.9974867,0.002052472,0.00010700663,0.00035373194
0.9722154,0.018166544,0.0006564876,0.00896165
0.028690089,0.9694751,0.0014946973,0.00034011638
0.99980587,6.278381e-05,5.6835077e-05,7.451191e-05
0.9974119,0.0021742801,0.00027969532,0.00013418584
0.8293806,0.0008774632,0.0041266466,0.16561538
0.9998087,7.594748e-05,5.169812e-05,6.3644075e-05
0.99960834,0.00012398514,0.00011288665,0.00015485719
0.9997776,5.7529738e-05,7.47851e-05,9.0083566e-05
0.9992329,0.00038758523,0.0002784146,0.00010115602
0.9997477,6.892028e-05,0.000103486454,7.990319e-05
0.9997129,9.507882e-05,8.0748316e-05,0.00011115502
0.99959916,0.00023485908,7.118961e-05,9.4890114e-05
0.9988889,0.0005744613,0.00027729134,0.0002593546
0.9990959,0.0005962671,0.00010478386,0.00020307417
0.9996717,7.2587754e-05,8.253353e-05,0.00017309713
0.9997447,4.6835645e-05,0.00011714881,9.1289105e-05
0.9980141,0.0008780011,0.00027104007,0.00083685265
0.9997646,0.00011307703,4.5364402e-05,7.6880824e-05
0.9997985,5.0272443e-05,7.8872654e-05,7.235601e-05
0.9996006,7.590141e-05,0.0001344249,0.00018905979
0.9995679,0.00018380466,9.733652e-05,0.00015091426
0.9997422,0.00010584809,8.052221e-05,7.137078e-05
0.11524374,0.8834732,0.00084376073,0.00043923705
0.9960032,0.00041263146,0.00088171166,0.002702423
0.014063044,0.004687974,0.9769539,0.0042951363
0.9995289,0.00023073933,0.00012763591,0.00011282914
0.99900705,0.00010852032,0.00023109838,0.0006533618
0.9989808,0.00066339195,0.00012452641,0.00023124598
0.9996618,0.00021021752,7.0780705e-05,5.715326e-05
0.9980533,0.00027525323,0.00035423055,0.0013172135
0.9997284,6.908372e-05,0.00010837551,9.4212526e-05
0.99895215,0.0005928031,0.00010168376,0.00035334722
0.9995383,0.00036827405,4.0865245e-05,5.2531148e-05
0.61285836,0.38468066,0.001410323,0.001050643
0.9887729,0.009945365,0.000540317,0.00074138056
0.025915427,0.9725117,0.0010993355,0.0004734586
0.99869686,0.0009786603,0.00017945503,0.00014506943
0.99713933,0.002586422,0.00012633206,0.0001478791
0.99923134,0.00035419845,0.00026251998,0.00015190797
0.99979144,7.927751e-05,6.018101e-05,6.905527e-05
0.9997305,6.808862e-05,9.511388e-05,0.00010630734
0.9946346,0.0031363268,0.0012230288,0.001006011
0.99947506,0.00011577362,0.00029524043,0.00011398186
0.9774571,0.017507816,0.0022245205,0.0028105334
0.9992192,0.00039417893,0.00014458454,0.00024202363
0.40535444,0.585087,0.0069261612,0.002632419
0.9994867,0.0003920548,5.6141827e-05,6.508946e-05
0.99620914,0.0007597262,0.0009866806,0.0020445473
0.9995826,0.00016151354,0.0001916547,6.4253e-05
0.99966836,0.00016431553,9.125489e-05,7.607765e-05
0.9995065,0.00027434799,0.00011420938,0.00010488741
0.9996611,0.00012623143,9.819127e-05,0.0001145114
0.9997267,0.00012912536,6.6002314e-05,7.808015e-05
0.9997638,0.00014070263,5.008536e-05,4.5496945e-05
0.97804034,0.014064432,0.0004591663,0.007436034
0.20460428,0.45783168,0.32165518,0.015908943
0.99965084,7.832166e-05,7.466517e-05,0.00019606866
0.99957556,0.00028875747,5.23601e-05,8.336217e-05
0.9996753,0.00017105517,8.1829014e-05,7.184059e-05
0.99975795,7.103808e-05,7.7093384e-05,9.391157e-05
0.99965334,0.0001587353,6.491562e-05,0.00012292205
0.999793,5.9361533e-05,6.68458e-05,8.076249e-05
0.999814,8.561048e-05,5.0606286e-05,4.9839815e-05
0.99975675,5.4602246e-05,0.00010977665,7.890104e-05
0.9998012,5.2548323e-05,6.0485345e-05,8.587785e-05
0.9955065,0.00092723337,0.0014379561,0.0021282784
0.99899226,0.00062204985,8.212941e-05,0.00030355254
0.7024523,0.29466,0.0020096921,0.0008779774
0.999387,0.00033883096,0.00010965969,0.00016452187
0.99785775,0.0019280565,0.00011289623,0.00010125582
0.9995926,0.00017419757,0.0001318828,0.00010130763
0.99958974,0.0001711422,5.246501e-05,0.00018672299
0.9997764,7.6247794e-05,5.9177644e-05,8.8074004e-05
0.9991665,0.00040061175,0.00024553708,0.0001874638
0.99974304,7.344122e-05,7.637661e-05,0.00010706187
0.98734003,0.0063086674,0.00019090026,0.0061603086
0.9990227,0.0006837597,0.0001883622,0.00010512238
0.9997253,0.000111964444,7.462204e-05,8.813033e-05
0.9996524,8.929704e-05,9.2890376e-05,0.00016546411
0.9987993,0.00067031366,0.0003277858,0.00020256272
0.99971014,0.0001081957,9.912986e-05,8.2497834e-05
0.9958442,0.0022991833,0.00019711583,0.0016596128
0.99617213,0.0017450706,0.0017862809,0.00029656113
0.9997383,8.8896006e-05,6.2310384e-05,0.00011044669
0.99973184,0.00011388086,5.123622e-05,0.00010297819
0.9985098,0.0008278683,0.0004955133,0.00016672909
0.99932003,0.00046959353,8.581786e-05,0.00012467042
0.9993006,0.00051856675,5.5052467e-05,0.00012574336
0.9997415,8.421919e-05,8.672412e-05,8.751207e-05
0.9997173,6.5651904e-05,8.3471605e-05,0.0001336052
0.999696,0.0001627463,6.601351e-05,7.519621e-05
0.018455192,0.0005434252,0.89702594,0.08397545
0.9997558,6.695777e-05,6.018644e-05,0.0001170025
0.9996024,8.997669e-05,0.00013167622,0.00017595073
0.9357065,0.0016061296,0.0027149292,0.059972502
0.99945897,0.00017402983,0.00019473843,0.00017229504
0.9996815,0.00012163064,0.000112582464,8.428331e-05
0.9997515,8.3720886e-05,8.400994e-05,8.077863e-05
0.19371969,0.044342823,0.7562364,0.0057010595
0.99943155,8.877471e-05,9.9489334e-05,0.00038013703
0.99956125,0.00012710012,0.00017838282,0.00013329483
0.9990113,0.00083062466,7.341e-05,8.476589e-05
0.9994823,9.752181e-05,0.00023764711,0.0001824439
0.24536805,0.008646561,0.013199471,0.73278594
0.99943215,0.0003542208,0.00011908185,9.459167e-05
0.99911124,0.00048531225,0.00011134841,0.00029203665
0.99960285,0.00018560463,0.00011194817,9.9666984e-05
0.99963665,0.00023497005,6.206849e-05,6.633845e-05
0.9997367,0.00012263862,5.7641555e-05,8.299031e-05
0.9995092,0.0002769438,5.228148e-05,0.00016149384
0.9996526,8.977105e-05,0.00011602079,0.00014148312
0.99971527,8.2746534e-05,9.597722e-05,0.000106003325
0.005668907,0.0013615123,0.98945785,0.0035116763
0.99899274,0.00014944315,0.00026433726,0.0005934002
0.99866915,0.00090350484,0.00015446197,0.00027301168
0.559015,0.43517742,0.0051305117,0.0006770493
0.9995952,0.00011287569,8.698235e-05,0.00020497317
0.9997609,9.098057e-05,8.172535e-05,6.628496e-05
0.999754,6.412694e-05,6.982369e-05,0.000112046066
0.9994287,0.00029931133,0.000110398694,0.00016154861
0.99889225,0.00049655273,0.00014934834,0.0004618621
0.9970521,0.0026990403,0.00014759213,0.00010129
0.9983852,0.001246192,7.6751465e-05,0.0002918637
0.9990515,0.0005930606,0.00014262737,0.0002127997
0.9996088,0.0001939036,0.000119369215,7.791675e-05
0.9993255,0.00039175223,9.862982e-05,0.00018410441
0.99970764,0.00012758415,7.916917e-05,8.563748e-05
0.9997259,0.00011524004,4.6407444e-05,0.00011247092
0.9995584,0.00028283556,6.348479e-05,9.521684e-05
0.99958783,0.00018750798,5.9958136e-05,0.00016468663
0.9997279,0.00012902533,9.3239985e-05,4.9842936e-05
0.022347609,0.0013053794,0.8879703,0.088376574
0.99966896,0.00016566976,7.466666e-05,9.064449e-05
0.9994468,0.00026106497,0.00010012842,0.00019200094
0.010045719,0.9889721,0.0007693801,0.00021276159
0.999723,7.091443e-05,9.661024e-05,0.0001093502
0.99968016,0.00013506039,9.9176614e-05,8.5678985e-05
0.9996573,0.00018785967,5.2825784e-05,0.00010212906
0.9997218,0.00013099564,6.490051e-05,8.223926e-05
0.9997677,5.4979748e-05,9.975571e-05,7.749876e-05
0.009132532,0.9634243,0.026796654,0.0006464772
0.004536921,0.98295665,0.012102837,0.00040354516
0.6589878,0.33531046,0.0044927946,0.0012089603
0.012877774,0.0007751052,0.9158183,0.070528835
0.9997124,0.0001611242,5.9618345e-05,6.6846085e-05
0.99953914,0.000189528,0.00016563309,0.000105716026
0.99964225,0.00016772783,6.427284e-05,0.00012576907
0.9993544,6.381148e-05,0.0001509396,0.00043087045
0.9993506,0.00049304334,7.594976e-05,8.0327256e-05
0.99975926,7.065515e-05,0.000107523134,6.2583145e-05
0.9996972,4.2181215e-05,0.00013469237,0.00012597238
0.99971837,0.00013379827,7.4632626e-05,7.325411e-05
0.94275206,0.05109949,0.0029824544,0.003166018
0.9995173,9.774292e-05,7.38757e-05,0.00031110397
0.99960095,0.00018704198,0.00011716123,9.485011e-05
0.99971014,0.00010075461,8.741783e-05,0.00010155006
0.99961996,0.00017857578,8.252186e-05,0.00011889428
0.31497064,0.0012389034,0.1751866,0.5086039
0.99929905,0.00048414597,9.670134e-05,0.00012010918
0.99976724,0.000111487636,4.963992e-05,7.159842e-05
0.2750011,0.00037409482,0.023590554,0.7010343
0.9996518,8.431144e-05,7.06859e-05,0.00019317697
0.9964019,0.0017646761,0.0002165931,0.0016168825
0.99974257,4.986987e-05,0.0001253836,8.220544e-05
0.9997445,0.00016660841,4.9879665e-05,3.8938608e-05
0.99634933,0.00039200464,0.00025171062,0.0030069586
0.9993069,0.00031119247,0.0001413851,0.00024043971
0.9987698,0.00040109217,9.8383774e-05,0.0007307703
0.99975103,0.0001191654,6.426083e-05,6.5534696e-05
0.99959034,0.00026066706,7.075796e-05,7.827548e-05
0.2306966,0.76634103,0.001600325,0.0013620435
0.9993667,0.00011717869,0.0002958485,0.0002203114
0.9982796,0.0009416783,0.00017926206,0.0005995712
0.9994166,0.00031249897,6.984288e-05,0.00020108274
0.99959105,8.858715e-05,0.00023384386,8.6565065e-05
0.9972832,0.00020600375,0.0003198542,0.002190918
0.99977905,9.38482e-05,7.091536e-05,5.617512e-05
0.042412747,0.95460993,0.0016386677,0.0013386662
0.99971193,0.00014416514,8.510595e-05,5.8778158e-05
0.9993468,0.0003363905,6.789018e-05,0.0002488566
0.9997557,9.80802e-05,7.891096e-05,6.7348294e-05
0.99395144,0.005226758,0.00021852367,0.0006033108
0.9434814,0.055369012,0.000656521,0.000493143
0.078926004,0.0007920212,0.15910323,0.76117873
0.9995172,0.00022228889,5.5732347e-05,0.00020474305
0.99976665,0.000103002996,6.0963564e-05,6.929164e-05
0.9926651,0.00018637693,0.00021292768,0.006935608
0.99952483,0.00028475767,7.375545e-05,0.00011661392
0.99963045,0.00023588644,5.703751e-05,7.659018e-05
0.07945658,0.91835415,0.0012414048,0.00094787416
0.99965656,7.164541e-05,0.0001395814,0.00013231063
0.9997087,0.00015360671,7.7391305e-05,6.0304832e-05
0.9996761,0.00019620062,5.9887643e-05,6.776174e-05
0.9995901,0.0001662635,6.3201485e-05,0.00018045238
0.99975187,0.0001177225,6.823601e-05,6.209264e-05
0.99933773,0.00011597971,0.00037318846,0.00017302891
0.9997013,5.624397e-05,0.00012430738,0.000118088734
0.9996817,0.00018111168,7.27662e-05,6.434658e-05
0.8152903,0.18380526,0.00029855166,0.0006058896
0.9992912,0.00021931581,0.00015175648,0.00033766226
0.9997466,0.00012473542,6.245672e-05,6.6156266e-05
0.99588865,0.001373922,0.002122196,0.0006152574
0.99965346,0.00010659639,0.00016815736,7.182936e-05
0.0066452264,0.99051744,0.002497475,0.00033988382
0.9997125,7.583248e-05,8.994508e-05,0.000121594996
0.9974075,0.0018763389,0.00025852135,0.00045765372
0.99973625,0.00012790882,8.085138e-05,5.5001936e-05
0.999608,0.00018255839,8.8212895e-05,0.00012132813
0.99971694,0.00011223355,8.628015e-05,8.4522144e-05
0.9995541,0.000255797,9.320716e-05,9.685524e-05
0.99976176,8.404301e-05,6.9594884e-05,8.4649924e-05
0.99963,0.00015253208,9.0180794e-05,0.00012721703
0.9996468,0.00014672191,5.58281e-05,0.00015070626
0.99878854,0.0007480808,0.00025561498,0.00020773384
0.99967635,0.00017068558,5.5622906e-05,9.728342e-05
0.9995254,0.00018349543,9.819939e-05,0.00019296363
0.9997216,0.00010960229,7.760279e-05,9.123286e-05
0.99956197,0.00018433404,8.246123e-05,0.00017126414
0.99977666,0.00010851374,5.748323e-05,5.7362096e-05
0.048479006,0.0017655954,0.9318923,0.017863166
0.9997726,7.796698e-05,6.990362e-05,7.9497084e-05
0.9997348,0.00010446579,4.227628e-05,0.000118375705
0.86146116,0.11587623,0.002510811,0.020151854
0.10774624,0.8855196,0.006304298,0.00042982763
0.9994752,7.3616306e-05,0.00025214368,0.00019912621
0.99956805,0.00027260045,0.00010113765,5.8129783e-05
0.9995977,0.00014802767,9.2297465e-05,0.00016194631
0.9976343,0.0019500903,0.00020121768,0.00021440662
0.9997495,9.2862014e-05,7.309344e-05,8.455634e-05
0.9926721,0.006855092,0.00027342708,0.00019936629
0.9865042,0.008068057,0.004017451,0.0014103426
0.9033701,0.06449341,0.030893626,0.0012428466
0.99941444,0.00036072312,0.0001221733,0.000102683305
0.64167017,0.35191563,0.0027178472,0.0036963406
0.9996325,0.00019374277,6.370724e-05,0.0001100203
0.9993766,0.00045809193,7.499889e-05,9.027572e-05
0.99957794,0.00027911115,5.2551724e-05,9.040343e-05
0.9995555,8.075185e-05,7.480358e-05,0.0002888153
0.99974173,6.970594e-05,8.8253066e-05,0.00010025764
0.99980694,7.056626e-05,4.7401616e-05,7.503705e-05
0.9995516,0.00014639489,8.506601e-05,0.00021693303
0.98050964,0.01856536,0.00026876276,0.0006563381
0.11203604,0.86447155,0.022915747,0.0005767278
0.9992518,0.00026599894,0.00012196694,0.00036026275
0.99965453,9.8962446e-05,0.00010374034,0.0001427536
0.9997706,9.650129e-05,4.9624516e-05,8.328775e-05
0.9973348,0.000941265,0.00042326897,0.0013007176
0.9996743,0.00014678223,6.642052e-05,0.00011255503
0.0099612735,0.97737074,0.012335145,0.0003329228
0.99978954,8.070277e-05,6.9673646e-05,6.005894e-05
0.998609,0.0010808297,0.00013429526,0.0001759533
0.9993631,0.0002497992,0.00012312461,0.00026393088
0.99972576,6.833485e-05,7.4225456e-05,0.00013164614
0.9464633,0.05293293,0.00022323756,0.0003804721
0.07407042,0.907642,0.017256277,0.001031333
0.9997942,6.8718575e-05,7.023557e-05,6.689294e-05
0.9991078,0.00074000284,6.9086345e-05,8.30714e-05
0.9996568,0.00012296668,9.9164565e-05,0.00012109258
0.99974257,6.7560206e-05,7.215744e-05,0.00011781822
0.99970263,0.00012346398,6.6330686e-05,0.000107469896
0.99947804,0.000115521834,0.000104442544,0.00030191636
0.031341705,0.96201223,0.0056815585,0.00096441107
0.23888926,0.5922026,0.16502474,0.0038833725
0.99963176,7.34392e-05,9.0955975e-05,0.00020382703
0.9985201,0.0010996071,0.00011965281,0.00026072096
0.9996282,0.00015951603,7.376681e-05,0.0001385738
0.9998054,7.331604e-05,4.803115e-05,7.333619e-05
0.99952376,0.00035234407,6.882911e-05,5.502817e-05
0.9989699,0.00055291416,0.0002671139,0.00021005397
0.9993511,0.00026745547,8.563364e-05,0.00029578945
0.9929051,0.0034460993,0.0017635204,0.001885406
0.9997509,6.073842e-05,6.315159e-05,0.00012516267
0.9992274,0.00060743076,7.024444e-05,9.4907846e-05
0.98931086,0.0062255845,0.0005327841,0.0039308025
0.99973255,0.00013565081,5.4801876e-05,7.695538e-05
0.9996691,8.8743815e-05,0.00015547837,8.666576e-05
0.9997924,6.121986e-05,6.472911e-05,8.168655e-05
0.998604,0.0011384446,0.00011389795,0.00014366598
0.999713,0.00015564366,6.2223415e-05,6.91274e-05
0.030073183,0.9599388,0.009573424,0.00041459606
0.9994667,0.00029963805,8.7273016e-05,0.00014648607
0.99958307,0.00021259315,8.743497e-05,0.0001168788
0.998976,0.00025872744,0.00012913243,0.00063619
0.9996319,0.00022434987,7.4495045e-05,6.923719e-05
0.9996469,0.00024853591,5.0606326e-05,5.394428e-05
0.999681,7.327855e-05,0.00013536043,0.00011040277
0.99978274,0.000104384955,5.7249043e-05,5.5734185e-05
0.99950445,0.00031753158,0.00012004258,5.8002486e-05
0.9997315,5.0033952e-05,0.00011609867,0.000102384256
0.9977851,0.00025498634,0.00019566914,0.0017641983
0.9995641,0.00019886497,0.000115687144,0.00012135151
0.9995597,0.00027718637,7.099704e-05,9.208955e-05
0.99937135,0.00042935964,8.957401e-05,0.00010973067
0.9909196,0.0026226873,0.0014106517,0.005046995
0.99666923,0.0026633386,0.00014403247,0.00052338967
0.9997633,0.00010437596,5.7411737e-05,7.4910095e-05
0.0078195585,0.0014981715,0.98566276,0.0050195884
0.9996247,0.00022595287,4.0440245e-05,0.00010893437
0.9996314,0.00023843971,5.166569e-05,7.846743e-05
0.9996859,0.00013856251,7.8337405e-05,9.729362e-05
0.13868959,0.6148339,0.23482914,0.011647379
0.93228054,0.06414005,0.002799259,0.0007800716
0.99965763,8.403586e-05,0.00010377598,0.00015455307
0.7815356,0.15603773,0.0065784534,0.05584818
0.9971091,0.0026011304,0.00018082744,0.00010902705
0.9974833,0.0014044149,0.00016172246,0.00095055735
0.99939513,0.00044932327,0.00010542144,5.0091447e-05
0.9987249,0.00097296876,4.235631e-05,0.00025976173
0.9995086,0.0003738964,5.5287823e-05,6.2191124e-05
0.9996247,0.00018729187,8.309259e-05,0.00010489222
0.9996314,9.1786984e-05,0.00011126824,0.00016545907
0.9997546,0.000110921916,7.5899574e-05,5.860714e-05
0.9994825,0.0002642808,0.00013674588,0.00011638734
0.9998023,6.511951e-05,7.282496e-05,5.9836457e-05
0.9992446,0.00056698907,7.152128e-05,0.00011697959
0.99976593,8.898294e-05,7.488628e-05,7.0191134e-05
0.99970055,6.0711103e-05,0.00012863957,0.00011019896
0.0065875496,0.98921025,0.0037543087,0.00044793068
0.9995796,9.157509e-05,8.100703e-05,0.00024774228
0.0902213,0.9072077,0.0015762545,0.0009947373
0.9997321,4.186344e-05,8.155848e-05,0.00014451066
0.99047005,0.004621879,0.00042548808,0.0044825017
0.99831307,0.0003044559,0.00033094076,0.001051505
0.99883157,0.00094421336,9.27426e-05,0.0001314667
0.99966156,0.00018108747,3.6992587e-05,0.00012040591
0.99963903,7.708451e-05,0.000101425154,0.0001824953
0.9846719,0.0013543422,0.00093778287,0.013035966
0.9990165,0.00047146,0.00018513772,0.0003267739
0.9997814,5.2693766e-05,7.2932206e-05,9.294144e-05
0.9995425,0.00028223585,0.00010608966,6.923614e-05
0.99971396,0.00010109707,9.406977e-05,9.0950365e-05
0.0139887715,0.00075404684,0.7379765,0.24728072
0.9997197,8.1185295e-05,6.499384e-05,0.00013415888
0.9995214,0.00024352183,0.00012204499,0.00011308931
0.9991572,0.00053254416,0.00015861764,0.00015157835
0.99961984,0.00015756191,0.00013175352,9.079006e-05
0.9994991,0.00020792564,0.0001775234,0.00011541602
0.99856746,0.00039683518,0.00054521154,0.00049042486
0.9983766,0.0013471106,0.00015474118,0.00012156529
0.9997428,0.00010986666,8.945471e-05,5.7782367e-05
0.010426021,0.002390827,0.9786931,0.0084900195
0.99956757,0.00025633184,8.4048974e-05,9.214087e-05
0.9993413,0.0003802189,0.00011973901,0.00015874859
0.99239105,0.00020362773,0.0004511255,0.0069542984
0.99944097,0.00019702176,0.0001976984,0.00016429006
0.99960476,8.462363e-05,0.00011590121,0.00019473342
0.9990415,0.0005867819,9.5124866e-05,0.0002765891
0.9993,5.5990193e-05,0.00017792611,0.00046597712
0.9993395,0.0005130844,6.913414e-05,7.822301e-05
0.9997869,6.263389e-05,7.397022e-05,7.639913e-05
0.9934549,0.0038895034,0.00079263037,0.0018630006
0.9997662,0.000104279345,6.407375e-05,6.5431836e-05
0.9993874,0.00039175947,9.7037024e-05,0.0001237573
0.9997849,7.6837234e-05,5.5425335e-05,8.285978e-05
0.9996245,6.185371e-05,0.00014597908,0.00016766298
0.99943954,0.00032652594,0.00015097087,8.295851e-05
0.39537528,0.033720396,0.56314886,0.0077554616
0.015436703,0.00072318775,0.88976234,0.09407779
0.999537,0.00018265477,7.9534526e-05,0.00020095742
0.9997004,8.897609e-05,7.726316e-05,0.00013336947
0.9949504,0.0019516767,0.0011153026,0.001982607
0.044505272,0.95293796,0.0016550153,0.0009017155
0.99955565,8.9379646e-05,0.00019986203,0.0001550827
0.99946696,0.000121616016,5.2484535e-05,0.00035895585
0.9997347,9.1488386e-05,7.245283e-05,0.000101294594
0.028940089,0.9702856,0.0005573879,0.00021684865
0.9990132,0.00015877307,0.0001345295,0.00069340656
0.92674667,0.07055831,0.001507703,0.0011873537
0.9950322,0.0029265904,0.00016264447,0.0018786252
0.9993863,0.00039594286,8.270235e-05,0.00013504722
0.99805605,0.0010035281,0.00059828156,0.0003420802
0.9991885,0.0005081149,0.00016240777,0.00014099902
0.9991442,0.00048179142,0.00012801496,0.0002459035
0.9991296,0.00028660544,0.00013626544,0.00044757596
0.99709046,0.00065408245,0.0009281393,0.0013271952
0.9973162,0.0022283809,0.0002667567,0.00018869361
0.9993357,6.909018e-05,0.00037451703,0.0002206435
0.9993414,0.00048200486,9.689995e-05,7.967018e-05
0.9954424,0.00069966185,0.0006292541,0.0032287138
0.9994035,0.00036084393,0.00012430269,0.000111473215
0.9997235,0.00011022219,7.4120464e-05,9.209673e-05
0.99776554,0.0008120754,0.00019226196,0.0012301204
0.9987502,0.0002823305,0.00054487796,0.000422617
0.5047416,0.46820006,0.018947406,0.0081109265
0.80484587,0.19082876,0.0018699925,0.0024554485
0.9995459,0.00031890525,5.072964e-05,8.443913e-05
0.99950933,0.00034366013,6.174386e-05,8.5229934e-05
0.9992679,0.00012924483,0.00016182958,0.00044093738
0.069190815,0.5861627,0.33819142,0.0064550997
0.23905107,0.18700202,0.5486428,0.02530405
0.9972398,0.0018842113,0.0001705244,0.0007055134
0.9997609,0.00013756797,5.25164e-05,4.8981532e-05
0.9996724,8.56914e-05,8.894068e-05,0.00015298158
0.9995945,0.00018252684,0.00010391401,0.00011905531
0.9987816,0.00088404946,0.00014769877,0.00018672833
0.99960953,0.00012925548,0.00016124886,0.00010002645
0.9989755,0.0003787012,0.00016007012,0.0004857482
0.9997522,0.00010618208,7.418991e-05,6.736926e-05
0.9997352,8.167713e-05,7.503088e-05,0.00010805096
0.99968505,6.017128e-05,7.3062445e-05,0.00018176566
0.9953047,0.0013354622,0.0009841531,0.0023756362
0.9988907,0.0004744359,0.00019107925,0.00044377465
0.99956435,0.0001092103,0.00014918938,0.000177196
0.010732362,0.709073,0.2795618,0.00063284923
0.99926454,0.00044941134,8.7870634e-05,0.00019816708
0.9994062,0.00010049878,8.77327e-05,0.00040561557
0.034351274,0.8985754,0.0655491,0.0015242115
0.9996666,0.00014999889,6.315649e-05,0.000120241726
0.99897975,0.0004854988,0.00011787471,0.00041684415
0.9987657,0.00063145603,0.00011745417,0.00048542046
0.81818914,0.0020512552,0.0019506984,0.17780884
0.95102197,0.03369029,0.010056189,0.005231506
0.9971987,0.0012997421,0.00018610552,0.0013153397
0.99908054,9.347583e-05,0.00023884095,0.00058713614
0.99940324,0.00045128242,5.157927e-05,9.3861956e-05
0.99891293,0.0002890246,0.00044665602,0.00035141452
0.9996619,0.00022671893,4.9714276e-05,6.170531e-05
0.9984658,0.0013422569,4.9989387e-05,0.0001420308
0.99661547,0.00038178347,0.00013315954,0.002869542
0.9992273,0.0006056826,0.00010252984,6.452985e-05
0.989846,0.0057671657,0.0012037844,0.0031830654
0.015962869,0.84338504,0.1399577,0.0006943853
0.99954224,0.00027493347,8.3781306e-05,9.906935e-05
0.9975253,0.0015948763,0.00036051575,0.00051930145
0.9997899,0.00010162056,5.7718335e-05,5.0758914e-05
0.9991277,0.00050421274,0.00017626864,0.00019185014
0.9997054,0.00011533476,0.0001001976,7.904422e-05
0.99943167,0.00011081072,9.8020275e-05,0.0003594802
0.99973685,6.011446e-05,8.439431e-05,0.00011867639
0.91973925,0.0069347178,0.023566267,0.04975984
0.9996687,6.498817e-05,6.169549e-05,0.00020454008
0.9997429,0.00012696112,7.074893e-05,5.9288577e-05
0.99782616,0.001593845,0.00012858683,0.0004513362
0.9996376,0.0001754278,9.052038e-05,9.638895e-05
0.99965096,0.00010727695,0.00014396111,9.784096e-05
0.99947876,0.0003015572,0.00012272163,9.704534e-05
0.9992699,0.0005546649,5.4172488e-05,0.00012124663
0.04201953,0.9317277,0.022662196,0.003590527
0.9997657,0.00012798994,5.1001414e-05,5.5348366e-05
0.99933344,0.00011845045,0.00019005948,0.0003580609
0.9996438,0.0001621397,9.8833676e-05,9.53181e-05
0.9989367,0.0005673849,0.0002075092,0.00028832423
0.9996604,0.00015540379,0.00010739383,7.689041e-05
0.9997851,6.6736546e-05,6.968311e-05,7.838636e-05
0.9985057,0.0005833062,0.00041601103,0.00049494894
0.024036944,0.971519,0.0036545892,0.00078953576
0.99975604,6.7151166e-05,9.8335644e-05,7.8536425e-05
0.9996642,0.00021378337,5.1714956e-05,7.028895e-05
0.9997681,8.5476444e-05,7.344095e-05,7.3064686e-05
0.99970216,8.498217e-05,8.086651e-05,0.00013186947
0.99976355,9.507005e-05,4.692997e-05,9.437204e-05
0.9996101,0.00017162964,6.400537e-05,0.00015422609
0.99967146,0.00017615898,7.4683434e-05,7.7635166e-05
0.9997749,5.3172687e-05,6.4986765e-05,0.00010702414
0.9626587,0.032506704,0.0008409236,0.003993617
0.9996246,0.00019145414,0.000104318984,7.96689e-05
0.999506,0.00013157868,0.00018513463,0.0001772749
0.99961084,0.00020000328,6.8412795e-05,0.0001207815
0.99947625,0.0003943965,5.859697e-05,7.072527e-05
0.99963784,9.690651e-05,0.00010069919,0.00016450023
0.91218,0.08157166,0.0010257529,0.0052225334
0.095104225,0.89337164,0.009013966,0.002510123
0.99958247,9.578088e-05,0.00010359909,0.00021816214
0.99937916,0.00044957266,6.320876e-05,0.00010801557
0.9992643,0.00018201953,0.00020601788,0.0003477691
0.99975413,7.686008e-05,7.7155164e-05,9.187856e-05
0.027312947,0.9713949,0.0008102963,0.0004818731
0.9993629,0.00033330556,0.00014930392,0.00015460466
0.99799937,0.00048842357,0.00017641195,0.0013357992
0.9995048,4.2259056e-05,0.00013611489,0.0003168012
0.9982199,0.0012251937,0.00020354925,0.00035127287
0.99959034,0.000119974844,0.00012396768,0.00016580861
0.99963725,8.8205896e-05,0.00011780817,0.0001566713
0.9996195,0.00019274141,9.896672e-05,8.8705994e-05
0.9706873,0.0077888165,0.0009131538,0.020610742
0.9997123,9.3259965e-05,7.576582e-05,0.00011866782
0.9871874,0.01165574,0.0006457726,0.0005111509
0.9996562,5.4805685e-05,8.159344e-05,0.00020732227
0.08915362,0.058003422,0.76821303,0.08462993
0.99973744,6.597999e-05,0.0001096079,8.6900436e-05
0.9997912,7.611263e-05,6.249192e-05,7.0282535e-05
0.99979585,6.471538e-05,5.8063568e-05,8.144895e-05
0.9982439,0.0004399211,0.00026638905,0.0010496668
0.9997465,9.934394e-05,5.611081e-05,9.797469e-05
0.9989617,0.0007717374,0.00013134997,0.00013527388
0.9997353,0.00012003643,8.1209095e-05,6.346061e-05
0.9994968,0.0002475449,0.00015600347,9.961129e-05
0.9971084,0.0010603539,0.0008725865,0.00095871947
0.99972814,0.00012455066,6.885008e-05,7.8457284e-05
0.99977916,9.63028e-05,7.2079405e-05,5.2487412e-05
0.9994752,0.00030882214,0.00010839281,0.00010764564
0.99863017,0.00021401403,0.00014798214,0.0010078225
0.019232143,0.0007920212,0.91140616,0.06856972
0.99777967,0.0001826666,0.00025952433,0.0017780883
0.99969995,0.00019117826,4.0016315e-05,6.880186e-05
0.99875534,0.0008191905,0.00017694708,0.00024855876
0.99959713,0.00018987407,0.000109838606,0.00010320094
0.9996587,0.00010994378,0.0001051568,0.00012624786
0.9994684,6.736194e-05,0.00015535408,0.00030889836
0.99943465,0.00027384728,0.00010054248,0.00019091732
0.83593434,0.0055609443,0.094553076,0.06395158
0.89514446,0.10204329,0.0018524257,0.00095977064
0.9993326,0.00047186067,9.5363335e-05,0.00010018518
0.99943227,9.786509e-05,0.00024900347,0.00022088486
0.99931765,0.000234462,9.3329894e-05,0.00035457645
0.9995691,0.00018765958,0.00011095011,0.00013223487
0.9993369,0.00012345612,7.030086e-05,0.0004693185
0.9997911,3.861764e-05,6.859939e-05,0.00010165479
0.9994186,0.00024117096,0.00021221628,0.00012809507
0.9991085,0.00022211451,0.00016805112,0.0005013363
0.9987746,0.00094681274,0.0001028129,0.00017575288
0.9990533,0.0003321769,9.4042654e-05,0.00052040844
0.99217755,0.0004958035,0.0040602023,0.0032664605
0.99836725,0.0009963094,0.00026588005,0.00037051554
0.99955934,0.00010905925,0.00013890707,0.0001926021
0.9996213,0.00018485427,8.0671576e-05,0.000113213486
0.9991867,0.0001569317,0.00021463749,0.0004417077
0.99950624,0.00022371749,8.385087e-05,0.00018614931
0.98717403,0.01137392,0.00041066672,0.0010413532
0.9997149,8.940386e-05,0.0001223166,7.3346484e-05
0.99976104,6.400617e-05,0.000101633515,7.329881e-05
0.99894196,0.00017110632,0.00016739084,0.0007195105
0.99963367,0.00010035671,0.00011850492,0.00014750833
0.999772,4.8592043e-05,8.728844e-05,9.217307e-05
0.9551332,0.041631073,0.0026253953,0.00061036856
0.9938221,0.004369536,0.00069267995,0.0011156447
0.99482745,0.0013808596,0.0011661721,0.0026255143
0.99975187,9.5286865e-05,7.635871e-05,7.640417e-05
0.9992774,0.00037190132,9.8627905e-05,0.00025202864
0.9992562,0.00040260633,0.00018947039,0.00015160796
0.63465,0.3612465,0.0033590866,0.0007444947
0.9997745,5.050348e-05,6.817869e-05,0.000106872845
0.99977857,5.6627556e-05,5.0686893e-05,0.000114212264
0.5592681,0.4367015,0.0030674867,0.0009629023
0.99891067,0.000749768,0.00018862776,0.00015089544
0.99966145,8.684662e-05,0.00012960265,0.00012204801
0.99975675,7.302451e-05,9.887511e-05,7.12944e-05
0.9980805,0.0013143013,0.00021389071,0.00039127254
0.9985297,0.0008185689,0.00013052725,0.0005212055
0.0039155697,0.9931298,0.002418773,0.00053585443
0.9996735,0.00010553702,8.861743e-05,0.00013229206
0.015953355,0.96975774,0.013256229,0.0010327009
0.9992543,0.00028312212,0.00029086988,0.00017168297
0.9789642,0.019977503,0.000475212,0.0005831582
0.99973756,0.00013113781,6.478206e-05,6.650694e-05
0.99883133,0.0009558381,9.7935605e-05,0.00011485661
0.9995347,0.0002170241,9.894812e-05,0.00014941063
0.9994505,0.00030778017,9.397621e-05,0.00014776357
0.9995907,0.000115000614,0.00014708129,0.0001472285
0.9986072,0.00019138007,0.00018743375,0.0010139165
0.9995987,0.00010450417,0.00010936392,0.00018748481
0.99970764,0.000114742485,6.7962836e-05,0.000109639026
0.9994311,0.00040699507,5.1141054e-05,0.00011078096
0.99968195,8.292413e-05,0.00011136399,0.00012384124
0.99970645,7.590496e-05,6.4826214e-05,0.00015276446
0.9949302,0.0038830952,0.00020827369,0.0009783565
0.9994814,0.0001617199,6.5679866e-05,0.00029126162
0.06401661,0.06451375,0.8441702,0.027299412
0.99981076,6.4639054e-05,6.052608e-05,6.410527e-05
0.051633343,0.9280415,0.019990534,0.00033465965
0.99876285,0.00027888405,0.00049654813,0.0004617131
0.9985228,0.0012194697,5.5051914e-05,0.0002027043
0.99857605,0.0004606496,0.0004419814,0.0005213023
0.9995222,0.00013003891,0.00018248927,0.00016517866
0.99976414,7.763289e-05,8.19175e-05,7.63866e-05
0.9996357,0.00014836967,8.1035985e-05,0.00013487213
0.99975103,7.334535e-05,8.1129394e-05,9.4501454e-05
0.99952066,0.00017036518,6.18336e-05,0.00024716815
0.9996878,0.00014682762,4.5863937e-05,0.000119549644
0.99574053,0.0027634304,0.0004043927,0.0010915876
0.99911577,0.00046573105,0.0001348714,0.00028363607
0.99964416,0.00016527477,8.1744336e-05,0.000108768836
0.9988386,0.00076889544,0.00018860013,0.00020393197
0.99915195,0.00062003854,0.00011056913,0.0001174662
0.028780285,0.0010607004,0.58898365,0.38117537
0.99974734,0.00012657867,6.792438e-05,5.813882e-05
0.6484113,0.3362715,0.0065495796,0.008767734
0.99972445,8.780467e-05,6.6730456e-05,0.00012097506
0.07684768,0.7997663,0.119061135,0.004324908
0.005218424,0.9913516,0.0030804973,0.0003494281
0.99945873,0.00029140004,5.7411595e-05,0.00019242575
0.9996996,6.6761444e-05,7.980384e-05,0.00015379512
0.9996679,0.00013108442,0.00014698789,5.4113494e-05
0.9997937,9.002688e-05,5.0103677e-05,6.626344e-05
0.9997378,0.000106524385,8.291088e-05,7.270368e-05
0.9996026,8.1803475e-05,0.000112484406,0.0002031487
0.99874383,0.00048174258,0.00014542186,0.00062910584
0.99971765,0.0001259788,8.4478525e-05,7.189689e-05
0.9993691,0.00015952578,0.000102840444,0.00036856704
0.01090407,0.9853864,0.003044447,0.0006650486
0.99826473,0.0006252634,0.00050969335,0.0006003478
0.99967766,6.031561e-05,0.00013602007,0.0001260514
0.9997191,9.2898874e-05,5.6961566e-05,0.00013105414
0.9994276,0.00016163134,0.0002522002,0.00015844949
0.99955815,9.971321e-05,9.6820455e-05,0.0002452897
0.010692749,0.0028414414,0.9627133,0.023752598
0.99964404,0.00020195867,6.99295e-05,8.4061016e-05
0.9993262,0.00048441038,0.00012508861,6.4278254e-05
0.99969065,0.00014437201,9.9793215e-05,6.523941e-05
0.9994578,0.000386843,4.6326244e-05,0.00010904682
0.9996767,0.000109353685,9.7301636e-05,0.00011673278
0.99971133,0.00016899234,6.500879e-05,5.470323e-05
0.9995901,0.00022538655,5.6119316e-05,0.00012843193
0.4119076,0.58692014,0.00062049227,0.00055170205
0.9995932,7.308034e-05,0.0002209773,0.000112770016
0.9994843,0.00038776538,5.964216e-05,6.822679e-05
0.98840314,0.008096607,0.0018704701,0.0016297838
0.99982077,5.9350503e-05,4.5183097e-05,7.479019e-05
0.9997367,9.4620125e-05,5.659064e-05,0.00011199039
0.9993331,0.0001174147,0.00016019082,0.00038926277
0.99865735,0.00026081124,0.00051351025,0.0005683317
0.99967587,8.6267726e-05,0.00013133687,0.00010657956
0.056822855,0.0032739455,0.9333882,0.0065150494
0.9984291,0.00079819455,0.00037006248,0.00040258552
0.99960274,0.00013761403,0.00012511596,0.00013456307
0.9975414,0.0009007571,0.00028120755,0.0012766183
0.9972306,0.0006057245,0.00018344534,0.0019802994
0.9984687,0.00030034824,0.00016637755,0.0010644747
0.9993005,0.00038656304,0.00020824248,0.00010472648
0.99263966,0.006935337,0.00010528952,0.00031970668
0.044022016,0.9395223,0.015420402,0.001035223
0.99957913,0.000118340344,0.00013220415,0.00017039204
0.9995227,0.00022122463,6.931148e-05,0.00018670369
0.92568344,0.011434426,0.047033682,0.01584846
0.99977225,0.00013129957,4.1748666e-05,5.4764136e-05
0.99906677,0.00055204675,8.328049e-05,0.0002979927
0.6678742,0.32894814,0.0012053086,0.0019723738
0.9997116,7.796803e-05,0.00010621554,0.00010429325
0.9994808,0.00032932495,9.795528e-05,9.20159e-05
0.99951303,0.00018876923,0.000112086054,0.00018608899
0.9989292,0.00018869207,0.00019358394,0.0006884684
0.9982521,0.0013005608,0.00021775794,0.00022958209
0.043196265,0.08871971,0.06492252,0.8031615
0.9986607,0.00014786154,0.00015781911,0.0010335905
0.99969125,0.000107216234,0.00013317226,6.8404785e-05
0.99888736,0.00034547987,0.00031267083,0.00045449453
0.99966645,0.00013668329,9.4653275e-05,0.00010227727
0.9995567,0.00023471142,0.00010560856,0.00010298088
0.14342251,0.8489127,0.0019123018,0.005752472
0.03596879,0.91546017,0.04788663,0.00068436266
0.99934775,0.00031991935,0.000115949784,0.00021642305
0.9997285,5.709328e-05,0.00010518059,0.00010914305
0.99964035,0.00013595885,9.669581e-05,0.00012699264
0.99976677,8.978429e-05,5.503672e-05,8.837781e-05
0.99226874,0.0066164145,0.00060264225,0.0005121411
0.99490464,0.0034352466,0.00045513856,0.0012049419
0.99921286,0.0005452232,0.00011756717,0.00012435569
0.9988361,0.00021428203,0.0005375318,0.00041217587
0.9748854,0.023828018,0.0007085434,0.0005780416
0.99880075,0.00038602375,0.00030637454,0.0005068204
0.99971706,6.920691e-05,7.941295e-05,0.00013429421
0.9981673,0.0006969769,0.0006878049,0.00044801223
0.99954385,0.00017516376,0.00013116871,0.00014976424
0.055467643,0.9396042,0.004399756,0.00052830507
0.99569607,0.0029568945,0.00073198805,0.000615003
0.9993449,0.00022341702,0.00012537629,0.00030639765
0.999686,5.3842006e-05,8.8389475e-05,0.0001717812
0.99942786,0.00023528309,0.00018571838,0.00015106965
0.9997465,9.313037e-05,8.8780325e-05,7.16274e-05
0.99960786,0.00016203092,0.0001128019,0.00011728524
0.99971896,0.000119701705,8.788454e-05,7.345766e-05
0.9991831,0.0005683723,0.00016184441,8.664172e-05
0.99920887,0.0006597759,6.223381e-05,6.920009e-05
0.9992194,0.00018225035,0.00013114589,0.00046718135
0.999752,0.00014142702,4.0906467e-05,6.567222e-05
0.99799937,0.00075158314,0.000884264,0.00036474114
0.99976665,0.000107000196,7.048782e-05,5.59646e-05
0.9992471,0.0003228763,0.00017281713,0.0002571922
0.99899966,0.00035075308,0.00015254614,0.0004970277
0.9997656,9.837025e-05,7.9705664e-05,5.632097e-05
0.369839,0.594064,0.035212256,0.00088470365
0.99955994,0.00019359592,0.00014513139,0.00010131282
0.99977726,0.00011679731,6.120836e-05,4.468684e-05
0.9873782,0.009783237,0.0022920398,0.0005465093
0.9994842,0.00037284984,5.1027484e-05,9.198674e-05
0.9995653,0.00025312343,5.2633513e-05,0.00012890805
0.007794385,0.9387667,0.05236672,0.0010721858
0.0032506029,0.993543,0.002781953,0.00042432762
0.99973375,0.00012156441,7.2702074e-05,7.197131e-05
0.99865866,0.0006215504,0.00032587835,0.00039393283
0.99220204,0.0041926205,0.0004958112,0.0031094796
0.9988121,0.0004792944,0.00028396578,0.0004246204
0.99964225,0.000101134465,8.10928e-05,0.00017557976
0.9997037,7.476125e-05,0.00011128085,0.00011016705
0.99752337,0.0021782832,0.00015237911,0.00014596677
0.023734719,0.9719229,0.003904074,0.00043832965
0.9994967,9.2333656e-05,0.00017395246,0.00023702152
0.9997596,4.829885e-05,8.651265e-05,0.00010559726
0.59431016,0.064434655,0.015277885,0.3259773
0.9993962,0.00021915256,0.000102277896,0.0002824196
0.99946886,0.00029574079,0.00013095787,0.00010452648
0.9969227,0.0018094569,0.00074941706,0.0005183788
0.9952036,0.00014727707,0.0006480654,0.0040010377
0.99973315,0.00014021422,4.259377e-05,8.4094165e-05
0.99913234,0.00026038763,0.00030086187,0.0003064552
0.9997255,7.288328e-05,7.627068e-05,0.0001252905
0.9996166,0.00023241402,8.948472e-05,6.140238e-05
0.9992607,0.00016723857,0.00021764438,0.0003544481
0.9986534,0.0009288578,0.0002145616,0.00020322927
0.9995666,0.00019631238,5.595175e-05,0.00018104161
0.99954647,0.000304769,6.398286e-05,8.476586e-05
0.99962234,0.00024607303,7.502199e-05,5.643693e-05
0.99916375,0.00024127321,0.00035974674,0.00023530841
0.99965715,0.00019753064,8.1325736e-05,6.4095424e-05
0.99908304,0.0003814097,0.00022874711,0.0003067424
0.9988714,0.00043751113,0.0002932284,0.00039785533
0.99963856,0.00015318487,0.00012597292,8.227234e-05
0.9996668,0.00012841019,0.00012104622,8.37697e-05
0.9994286,0.00033755074,6.391853e-05,0.00017000834
0.99915314,0.0006193959,0.00012403085,0.00010347898
0.99962616,0.00022120556,5.1495663e-05,0.00010108279
0.9986651,0.00031300756,0.0001515849,0.0008702964
0.9994242,0.00023195172,0.00010200393,0.0002419071
0.99936503,0.00014817229,0.000225565,0.00026134276
0.99975795,0.00011021779,4.8884507e-05,8.291738e-05
0.9960408,0.0030677775,0.00042632487,0.00046518564
0.9997485,0.00015100921,5.4559066e-05,4.5883e-05
0.9997503,8.8520435e-05,8.337197e-05,7.7745244e-05
0.9997701,7.5604046e-05,6.379919e-05,9.0552574e-05
0.9991097,0.0005729967,0.00013770365,0.00017957186
0.99961877,0.00012770768,6.49213e-05,0.00018855908
0.99966073,0.0001275947,9.615422e-05,0.00011548698
0.9994993,0.00031897158,5.937133e-05,0.00012232206
0.99941206,0.00046951335,4.7641708e-05,7.0740556e-05
0.9993206,0.00031375955,0.00016344768,0.00020223517
0.99964166,6.2604675e-05,0.00015701122,0.00013862549
0.99897337,0.00073712406,9.387958e-05,0.00019566056
0.9993766,0.00022876018,0.00010136516,0.00029334478
0.99962974,0.00018936,5.4140335e-05,0.00012679223
0.013007059,0.9764845,0.009738218,0.0007702742
0.9997371,0.00010611447,8.2196915e-05,7.4540054e-05
0.9983633,0.001328513,0.000116179646,0.0001919736
0.9991744,0.00043943888,0.00012128789,0.00026491308
0.99682474,0.0025930176,0.00022262844,0.00035964398
0.9992563,0.00036246376,0.0001749296,0.00020618763
0.99953735,0.00010685667,0.00010464237,0.00025115663
0.99972457,4.3211126e-05,0.00010592649,0.00012621513
0.4436411,0.5533458,0.0016236507,0.0013894377
0.829636,0.16063064,0.008627964,0.0011054261
0.99879044,0.00039153293,0.0001065202,0.00071148126
0.9997235,9.098593e-05,5.7928897e-05,0.00012753665
0.9996388,4.6277277e-05,0.00015729749,0.00015759494
0.9996197,0.00022445951,5.297848e-05,0.000102784164
0.9993574,0.00035586776,0.00012368998,0.0001630405
0.9996424,0.0002168863,6.314966e-05,7.754263e-05
0.9997664,9.148876e-05,5.345273e-05,8.870135e-05
0.9996965,0.00011004319,6.0052436e-05,0.0001334014
0.99964523,4.035424e-05,0.00012131426,0.00019304013
0.11589461,0.67491436,0.20751017,0.0016808297
0.9988726,0.00087216776,0.00010446612,0.00015081748
0.9997607,6.2785286e-05,8.696855e-05,8.955995e-05
0.01670691,0.9762808,0.006579778,0.00043248717
0.99961996,8.813718e-05,0.00010699276,0.0001848366
0.9996171,0.00019773834,9.9179066e-05,8.593208e-05
0.99962044,0.000101758094,8.464409e-05,0.00019322139
0.9996829,0.00019207742,6.377027e-05,6.133873e-05
0.0064602406,0.97652835,0.013913325,0.0030980438
0.9997234,0.00010723051,9.0694484e-05,7.8661295e-05
0.9941613,0.0043308455,0.0001833561,0.0013245197
0.9963626,0.0010569575,0.0008306961,0.0017497475
0.99963546,8.0381964e-05,0.00010172422,0.00018234798
0.99835545,0.00012344384,0.00019473112,0.0013264087
0.9913408,0.00051881396,0.00022957376,0.00791081
0.9996766,0.00015515662,5.428832e-05,0.00011396332
0.01394494,0.9676453,0.017913796,0.00049602974
0.9986998,0.0007662808,0.000119066564,0.00041483948
0.99951386,5.2243395e-05,0.00023612787,0.00019777054
0.995836,0.0028725131,0.0004513935,0.0008401325
0.9996425,0.00013118765,8.473423e-05,0.0001416052
0.98512554,0.0111057,0.0012472984,0.0025214858
0.99970406,6.589485e-05,8.082025e-05,0.00014917112
0.9462047,0.05296484,0.0002997806,0.0005306399
0.02880726,0.962268,0.007823191,0.0011016065
0.99900156,0.00026073348,0.00014282372,0.00059492234
0.31319726,0.6817897,0.0024557759,0.0025572842
0.9992367,0.00043449836,9.5902e-05,0.00023292759
0.99947053,5.5659526e-05,0.00014641917,0.00032736576
0.17340465,0.73693156,0.08671908,0.0029447265
0.9993783,0.00020209723,7.130195e-05,0.0003483628
0.9995977,0.00027806163,6.171646e-05,6.249621e-05
0.9996902,0.00015887928,5.8437552e-05,9.256367e-05
0.9997032,0.000140816,5.1431114e-05,0.00010440135
0.9997967,9.309074e-05,7.009008e-05,4.0157287e-05
0.9997079,9.1849e-05,0.000104842344,9.5427626e-05
0.99970955,5.7624216e-05,0.00013362672,9.921889e-05
0.9996878,0.0001229876,8.8720175e-05,0.000100600555
0.99909115,0.00074434583,8.3299994e-05,8.1304264e-05
0.9989311,0.00052913546,0.00016978361,0.00036989438
0.9995277,0.00019722666,9.436606e-05,0.00018067339
0.99965465,0.00016379586,6.420104e-05,0.00011733907
0.99908185,0.0007574979,8.011273e-05,8.0435886e-05
0.99917966,0.0002353806,0.000104182895,0.00048067517
0.99832886,0.0013365926,8.5211715e-05,0.0002493532
0.049183507,0.90626144,0.033520054,0.011035024
0.9991885,0.00051115744,0.00010442115,0.00019594078
0.9990978,0.00071784994,0.00011296993,7.130954e-05
0.99975353,9.5465846e-05,7.252831e-05,7.836819e-05
0.99920624,0.0005783367,0.000102678365,0.00011276281
0.9989312,0.00019089687,0.00013942904,0.0007384203
0.99964833,0.00016607066,6.092055e-05,0.00012463861
0.9995421,7.859731e-05,0.00022901509,0.00015031197
0.99949145,6.603249e-05,0.00013031437,0.0003121697
0.990186,0.0012322011,0.00045750025,0.008124276
0.9989637,0.00034479974,0.00034911642,0.0003423278
0.117713206,0.81582475,0.062433716,0.0040283278
0.99974674,0.00013750358,6.661654e-05,4.9141836e-05
0.9994093,0.00021657639,0.00013777583,0.00023633521
0.99343336,0.0054815738,0.00078166707,0.00030346424
0.03245803,0.9632344,0.003309442,0.0009981848
0.99972254,0.0001416272,5.3856762e-05,8.193573e-05
0.88229793,0.11557047,0.0011387818,0.0009929136
0.9996748,0.00013250764,4.70249e-05,0.00014566391
0.99861884,0.00036958343,0.00048875494,0.00052278687
0.9995634,0.0001330999,0.00013339278,0.00017021153
0.9996511,0.00019815585,7.2797695e-05,7.7917815e-05
0.99791926,0.0016230679,0.00016334897,0.00029438923
0.7029361,0.10645934,0.008703216,0.18190137
0.999708,8.493915e-05,0.000107551474,9.959196e-05
0.39775547,0.59279597,0.007711189,0.0017374167
0.9997191,7.6985474e-05,4.3181473e-05,0.00016076257
0.99912626,0.0002353146,0.0001461535,0.00049228803
0.9997563,8.881947e-05,7.479021e-05,8.005016e-05
0.007029057,0.9883109,0.0041086576,0.000551409
0.9997552,0.00011354668,5.656773e-05,7.461267e-05
0.9995739,0.00014285144,0.00013667402,0.00014661807
0.99960154,0.00022077524,8.832041e-05,8.9353074e-05
0.9995964,0.00019089085,5.870493e-05,0.00015394873
0.99977547,0.00010215847,5.198904e-05,7.0407885e-05
0.9995834,0.0002473778,7.050583e-05,9.8702054e-05
0.99958307,0.00018681758,0.00011706107,0.00011306739
0.99970144,0.00011887551,9.903111e-05,8.0601676e-05
0.9994784,0.0004306355,4.3688837e-05,4.7279325e-05
0.9993735,0.00037715957,8.468962e-05,0.00016462148
0.9619385,0.036466368,0.0011019064,0.0004932779
0.9997856,6.6786044e-05,5.9782018e-05,8.780434e-05
0.99974877,9.510908e-05,7.858028e-05,7.763058e-05
0.99929917,0.00030979715,0.0002268568,0.0001642196
0.9997514,0.00012729001,6.808634e-05,5.3301614e-05
0.99387264,0.002001981,0.0016079707,0.0025173756
0.9991124,0.00053815043,0.0002462627,0.000103160746
0.99976164,0.00010134525,4.034239e-05,9.670293e-05
0.9997539,6.108202e-05,0.00010640314,7.8603625e-05
0.9984236,0.0009268329,0.00017792915,0.0004716799
0.99864405,0.00038123195,0.0005686782,0.0004060634
0.9997632,7.2928095e-05,8.902981e-05,7.488437e-05
0.005110053,0.9798029,0.014568422,0.0005186249
0.9996978,0.00017629472,5.3135638e-05,7.273545e-05
0.9994229,0.00021395079,0.000116575335,0.00024664152
0.99961436,0.00021502814,4.9105773e-05,0.00012142997
0.99948645,0.00017536983,0.00013422869,0.00020389831
0.99592316,0.0025781728,0.0007312562,0.0007674375
0.99959654,0.00012679999,6.781499e-05,0.00020893606
0.9980959,0.0012564143,0.00036816302,0.00027952009
0.9982362,0.0008806144,0.00026039363,0.0006228563
0.07735423,0.48026296,0.44062898,0.0017538336
0.99896157,0.00019416283,0.00017913427,0.00066511077
0.99903286,0.00037774758,0.00022994401,0.0003593924
0.9994609,0.00016811342,0.00017566646,0.00019534482
0.9990594,0.0004027403,0.0003050251,0.00023286004
0.99892265,0.0002874282,0.00015324022,0.0006366358
0.9313107,0.0630227,0.0013440034,0.004322569
0.99966276,0.00011882852,8.131983e-05,0.0001371862
0.99952424,7.939499e-05,0.00013360781,0.00026281242
0.9994537,0.000121442186,0.00024522876,0.00017969402
0.99971,8.149223e-05,0.00011397519,9.457286e-05
0.9996352,0.00014720684,0.0001255465,9.1925125e-05
0.9995396,0.00017533265,6.8565256e-05,0.00021652799
0.99928826,0.00022804756,0.0003153287,0.00016844447
0.21448642,0.78364587,0.0007768881,0.0010908473
0.99977154,8.995382e-05,6.414397e-05,7.444153e-05
0.96705306,0.008583485,0.006776972,0.01758648
0.9986339,0.0010662486,0.00013555966,0.00016422363
0.99940634,0.00035208618,0.00010242194,0.00013914751
0.99977225,8.551732e-05,6.3326384e-05,7.895239e-05
0.06867092,0.85645276,0.07388909,0.0009872108
0.58277386,0.39224705,0.022841502,0.0021375702
0.9972894,0.0022617914,0.00031256326,0.00013630002
0.9997855,9.695429e-05,6.970872e-05,4.7898913e-05
0.9992079,0.00021126434,0.00012418455,0.00045660438
0.9991818,0.00061975315,0.0001242314,7.4206655e-05
0.9995421,0.00021562555,0.00012343637,0.00011883764
0.99758995,0.0011878139,0.0005377902,0.00068449375
0.99960905,0.00012005733,0.00015527832,0.000115662435
0.99973756,9.293249e-05,6.3608175e-05,0.00010589878
0.99960274,0.00021570876,6.63691e-05,0.00011515642
0.99931896,0.0003288734,0.00013575981,0.00021633468
0.9996449,8.433039e-05,4.620316e-05,0.00022455913
0.9996351,0.00016339701,0.00010826871,9.32133e-05
0.9990613,0.00054590736,0.00020441852,0.00018850603
0.4812934,0.3173172,0.19565918,0.0057302224
0.9997725,0.00010463485,6.1419974e-05,6.145841e-05
0.9994972,0.00031045842,3.565394e-05,0.00015673034
0.99955255,0.00031792014,7.797064e-05,5.161296e-05
0.9996518,6.7771536e-05,0.0001222472,0.00015819659
0.9987186,0.0005239105,0.00029753053,0.0004599721
0.9994136,0.00042580464,4.2592867e-05,0.000117966956
0.012038849,0.0041101775,0.9770757,0.006775222
0.99871707,0.00065431,0.000488179,0.00014056725
0.999663,0.00018065823,6.559139e-05,9.078281e-05
0.99978024,8.6129985e-05,5.215217e-05,8.1417464e-05
0.9971718,0.002584568,0.00010080018,0.00014284287
0.9764406,0.012132447,0.0019421144,0.009484858
0.0030272272,0.9953922,0.0012465472,0.0003340427
0.99976057,0.00014693874,5.5370783e-05,3.7083468e-05
0.9992411,0.00054665166,6.177004e-05,0.00015046618
0.999694,0.00010023898,8.6864675e-05,0.00011894777
0.9995307,0.0003416887,4.839613e-05,7.9304766e-05
0.9994912,0.00029601972,8.448195e-05,0.00012830403
0.99473,0.0037530567,0.00082407205,0.0006929486
0.9995497,0.00027987757,7.6890545e-05,9.355986e-05
0.99967885,0.00017288342,6.330791e-05,8.497832e-05
0.9982469,0.0014386267,9.6657386e-05,0.00021785757
0.99977094,6.116374e-05,7.0060276e-05,9.7883036e-05
0.9953055,0.002459617,0.00038655868,0.0018482672
0.9995214,9.103922e-05,0.00018805853,0.00019957557
0.9903561,0.0012957688,0.00091240177,0.0074357674
0.035777148,0.4198102,0.5423087,0.0021039254
0.99816304,0.0012126748,0.00010894908,0.0005153546
0.99931026,8.849193e-05,0.00017941702,0.00042181823
0.9601354,0.00064147403,0.010424999,0.028798128
0.9989385,0.0007917253,7.817715e-05,0.00019163846
0.9983429,0.0009819983,0.00016985298,0.0005052884
0.9996835,0.00015413741,8.8852314e-05,7.351896e-05
0.9997328,7.871156e-05,7.7455414e-05,0.00011106134
0.99977034,0.00010088134,7.020818e-05,5.855856e-05
0.9995573,0.00025953088,6.251795e-05,0.00012056306
0.9996935,0.000105726715,7.593663e-05,0.00012487864
0.9980326,0.00038985925,0.00028006162,0.0012973843
0.97839475,0.018578222,0.0021552928,0.00087173685
0.999529,0.00022088557,0.00010382628,0.00014639115
0.9993204,0.00043807735,0.00012350082,0.00011802921
0.08897056,0.0017378571,0.8409473,0.068344355
0.99883395,0.0006418652,0.00022665107,0.0002974225
0.9996406,0.00023684413,6.438543e-05,5.8202233e-05
0.9997086,9.55367e-05,6.393035e-05,0.00013197186
0.99948764,0.00025890762,9.057509e-05,0.00016286314
0.99885845,0.00013521605,0.00016001322,0.0008462504
0.99901617,0.00052701443,0.0001598992,0.00029687054
0.9997515,0.00012703487,6.092951e-05,6.060347e-05
0.99962425,5.2403717e-05,0.00019257457,0.00013079875
0.9997588,0.00011765138,4.181229e-05,8.172736e-05
0.9988387,0.00035534787,0.00013695017,0.00066899316
0.9997657,9.965005e-05,8.059179e-05,5.4059674e-05
0.99951124,0.00022248989,0.00015914957,0.00010710782
0.99964666,0.000177499,0.00010987705,6.597595e-05
0.99973446,0.000100419005,7.102889e-05,9.409583e-05
0.9994742,0.00030907613,9.024752e-05,0.0001264653
0.9997923,6.7556095e-05,5.998607e-05,8.028845e-05
0.9997819,0.000110162844,5.5997538e-05,5.188269e-05
0.99876225,0.00037856132,0.00019807031,0.00066114514
0.30655238,0.61265075,0.07948451,0.0013123176
0.99959797,0.00015329279,8.383642e-05,0.00016488868
0.999086,0.00035118053,0.00021997788,0.00034286722
0.99956185,0.00018333961,5.373043e-05,0.00020107745
0.99976,5.8728812e-05,9.6409574e-05,8.485863e-05
0.9983981,0.0014221522,6.248137e-05,0.00011724098
0.99970895,9.171325e-05,9.197277e-05,0.00010729259
0.9997173,6.0308343e-05,0.00013356164,8.8768335e-05
0.9972366,0.0020274625,0.00023474575,0.00050110475
0.999622,0.0001652188,6.0674898e-05,0.00015206377
0.9986437,0.0004677282,0.0005763869,0.00031213372
0.999645,0.00010459587,9.9348916e-05,0.00015098693
0.99977666,0.00010958177,5.321265e-05,6.066334e-05
0.9875073,0.007104287,0.0025226756,0.0028657527
0.99934083,0.0005137116,6.465188e-05,8.073158e-05
0.9994273,0.00037644876,7.389582e-05,0.00012236949
0.9628051,0.01391561,0.003726815,0.019552464
0.9996779,7.3331656e-05,9.6032876e-05,0.00015275994
0.9995659,0.00017513204,0.00012447796,0.0001344673
0.9996339,0.0001577817,0.00010023755,0.00010802291
0.99938977,0.00039982985,0.00012015319,9.014692e-05
0.99963903,8.861176e-05,0.00010102887,0.000171327
0.9995788,0.00023965248,9.545381e-05,8.615608e-05
0.9992893,0.00036186006,0.00010589573,0.00024288434
0.90757895,0.082835756,0.0013009516,0.0082844
0.99890876,0.00069105433,0.00014087152,0.00025934144
0.993849,0.002242477,0.00021661,0.0036919327
0.017335882,0.0019786465,0.9746841,0.0060014194
0.9996903,0.00010544182,8.8017296e-05,0.00011619568
0.9992385,0.00054563564,6.5883e-05,0.00014999515
0.9997894,5.940363e-05,5.6185665e-05,9.5012496e-05
0.9996699,5.9471462e-05,0.00013580696,0.00013478621
0.99950826,0.00024179576,0.00010220327,0.00014775098
0.99966586,0.00012535426,6.614953e-05,0.00014269042
0.99768186,0.0021032733,0.00010701583,0.00010784415
0.99633765,0.0012518158,0.00045470786,0.0019559262
0.99846494,0.00072215585,9.109524e-05,0.0007219004
0.9981742,0.0012279034,0.00021300817,0.0003849495
0.9998067,8.568804e-05,4.9210725e-05,5.8439346e-05
0.99974364,6.5499284e-05,9.8447206e-05,9.2425806e-05
0.9995795,8.529641e-05,9.798271e-05,0.00023732186
0.99971944,0.00013464285,4.3604257e-05,0.00010224788
0.9993874,0.0002141516,0.00014822789,0.00025022586
0.99968755,0.00018070747,7.4424555e-05,5.733746e-05
0.0031650162,0.9943504,0.0021996645,0.00028500607
0.9989343,0.00077964895,7.8197416e-05,0.00020775109
0.99912435,0.0003862753,0.00029678745,0.00019261286
0.34552124,0.6478619,0.0032570234,0.0033598677
0.9982141,0.0003986321,0.00012990169,0.0012573447
0.9996519,0.0001747702,0.00010515649,6.825639e-05
0.9967782,0.0025608158,0.00011240505,0.000548615
0.99950206,0.0002639064,0.0001533117,8.0656566e-05
0.9997061,7.922003e-05,0.000107431835,0.00010725321
0.9997309,0.00010849212,8.5903106e-05,7.4628995e-05
0.9997603,8.037391e-05,6.460868e-05,9.474001e-05
0.9994586,0.00012911033,0.00010056579,0.00031174056
0.9994795,0.00025245972,7.7253375e-05,0.0001908787
0.99964285,0.0001953122,7.472056e-05,8.711525e-05
0.9997322,8.867658e-05,8.728088e-05,9.191493e-05
0.9997123,0.00015592836,4.7144178e-05,8.461692e-05
0.9995196,0.00029469238,7.782907e-05,0.000107961125
0.99959964,0.00022460187,7.2767296e-05,0.00010291921
0.9995301,0.0003354217,7.249847e-05,6.204968e-05
0.99963367,0.00017131904,7.5928394e-05,0.000119032964
0.9977214,0.0005073727,0.00028286473,0.0014884253
0.99965,0.00019393138,4.963803e-05,0.00010634867
0.99971026,6.2564555e-05,9.117886e-05,0.00013602294
0.99955624,0.00015064288,0.00013456233,0.00015858629
0.9966763,0.002323467,9.313028e-05,0.00090705487
0.109897085,0.0016296068,0.4483713,0.44010204
0.9995371,0.00027855035,8.752748e-05,9.673637e-05
0.9987159,0.0008918243,0.00019556479,0.0001966664
0.9997714,8.761348e-05,6.439729e-05,7.656782e-05
0.99963415,4.670647e-05,0.00015226864,0.0001667854
0.9846527,0.0063231867,0.0013766637,0.0076474235
0.9991314,0.00022422193,7.789766e-05,0.00056653813
0.999648,6.260984e-05,0.00011922838,0.00017012985
0.9993781,0.00038117796,0.00013023424,0.00011046672
0.99174255,0.007630039,0.00032239858,0.00030500544
0.9981705,0.0016041042,0.00011292172,0.00011243567
0.9996629,0.00021079913,4.5702687e-05,8.052005e-05
0.9990062,0.00020688519,0.00013427105,0.0006527372
0.99949265,0.00029148857,8.2331906e-05,0.00013352423
0.99827945,0.00056860986,0.00038962704,0.0007622939
0.9995741,0.0001028641,0.00013942714,0.0001836411
0.99887604,0.0004773592,0.0003828132,0.00026370614
0.96792924,0.024776468,0.00035836798,0.0069358847
0.12710094,0.069074795,0.7764361,0.027388195
0.9892124,0.0018357368,0.0009132583,0.008038607
0.015004089,0.01109393,0.9656266,0.008275384
0.99979407,7.132331e-05,7.925768e-05,5.5387904e-05
0.9997662,9.286569e-05,5.462448e-05,8.634153e-05
0.0027870554,0.99288756,0.0039272155,0.0003982184
0.9985405,0.0011688847,8.5798936e-05,0.00020477388
0.037613224,0.96089023,0.0010759514,0.0004206661
0.999642,0.00017324064,6.237805e-05,0.00012241924
0.99955624,0.00013427531,0.00012523094,0.0001842372
0.01141968,0.97680503,0.011209147,0.0005661317
0.999632,9.807462e-05,6.290024e-05,0.00020700433
0.9996389,0.00013005758,0.00013418656,9.6795775e-05
0.99818265,0.0005030757,0.00034010247,0.0009742301
0.99979323,8.414462e-05,5.7263347e-05,6.5426924e-05
0.99938273,0.00045536397,9.12705e-05,7.066418e-05
0.9996388,0.00015620726,8.738649e-05,0.000117674055
0.999747,0.00011786133,5.6910754e-05,7.822618e-05
0.9995117,0.00026505179,0.00013902198,8.416499e-05
0.2832157,0.0013894701,0.6552119,0.060182936
0.9993812,0.0004398288,7.4714546e-05,0.00010431447
0.99972814,9.5477175e-05,9.535533e-05,8.1082835e-05
0.9994723,0.00036947214,6.223609e-05,9.599692e-05
0.43894258,0.5537648,0.0061569544,0.0011356194
0.99953675,9.388319e-05,0.0001236801,0.00024569037
0.9996706,0.00014713233,5.4076343e-05,0.00012820597
0.99836427,0.0010533711,0.0004047337,0.00017762971
0.97529083,0.015571003,0.0034341742,0.0057039256
0.25691447,0.70201397,0.037248183,0.003823392
0.999708,7.002633e-05,7.337899e-05,0.0001485258
0.18419619,0.79843414,0.014855841,0.0025138357
0.99970835,0.00014292053,8.0399484e-05,6.828375e-05
0.9578569,0.03712974,0.0022021043,0.002811347
0.02190704,0.0008254946,0.93937314,0.037894312
0.999017,0.00071232446,5.136685e-05,0.00021935288
0.9997476,7.343517e-05,8.998641e-05,8.899361e-05
0.99850863,0.0008805797,0.00017894583,0.00043189697
0.99857295,0.00089670887,0.00026087652,0.0002693777
0.99960226,0.000275713,6.552213e-05,5.6550554e-05
0.99971503,9.367034e-05,7.752091e-05,0.00011382628
0.9998166,8.1601785e-05,5.5134497e-05,4.658837e-05
0.99974555,0.00012513633,5.300739e-05,7.6242824e-05
0.99959606,0.00013136759,7.3351395e-05,0.00019920121
0.99982774,6.8226946e-05,4.7154077e-05,5.6835073e-05
0.99975187,0.00011277232,5.8981586e-05,7.642034e-05
0.9997056,8.8519606e-05,9.045516e-05,0.00011533775
0.9993629,0.0003506307,0.0001246815,0.00016170257
0.9994091,0.00018511173,0.00016033658,0.00024542556
0.9258195,0.07168986,0.0008865813,0.0016040484
0.9994709,0.00021565953,0.00010446152,0.00020892275
0.9994165,5.393586e-05,0.00012063151,0.00040888804
0.9995604,0.00021173207,0.00014713575,8.064843e-05
0.9995072,0.00021449431,0.000105274004,0.00017301981
0.99978894,0.00010101839,5.552158e-05,5.4545042e-05
0.9971033,0.00257756,0.00014082465,0.00017830158
0.999736,0.000106514446,5.3812e-05,0.00010359377
0.9942688,0.00073109363,0.00069639,0.0043037287
0.99427515,0.0009706857,0.0043201325,0.0004340074
0.99978095,0.00010549684,4.4804397e-05,6.876447e-05
0.99962497,7.355085e-05,0.00010834612,0.00019313126
0.9055591,0.09164887,0.00132814,0.0014638549
0.99967206,0.00012982172,5.4610642e-05,0.00014350454
0.9996536,0.00013873877,9.8552555e-05,0.00010916912
0.9997366,0.0001471405,5.8249363e-05,5.7909823e-05
0.9984646,0.0008957696,0.0004156947,0.00022398448
0.999629,0.00012892376,8.656382e-05,0.00015553829
0.99956805,8.388405e-05,0.00013351036,0.00021465348
0.9923585,0.0068873568,0.00014489381,0.000609177
0.9989631,0.000643205,0.00016576133,0.00022790009
0.9996418,0.00011756527,0.00012793455,0.0001127168
0.9996792,0.00015198126,9.228202e-05,7.6640164e-05
0.9997398,8.8298104e-05,7.875844e-05,9.314086e-05
0.99764156,0.0006411172,0.00034029855,0.0013771002
0.86814874,0.0079401275,0.004061319,0.11984978
0.9992804,0.00036245413,0.00015290643,0.00020417535
0.87523943,0.006630222,0.015106621,0.103023715
0.999574,0.00023029665,8.749006e-05,0.00010824248
0.9994153,0.00028764727,9.068244e-05,0.00020640064
0.9986297,0.0007471103,0.00015240691,0.00047088027
0.9997924,7.624545e-05,7.110206e-05,6.0165e-05
0.99833953,0.0011406614,0.00012302115,0.0003967628
0.99916196,0.00055308925,9.008795e-05,0.00019488265
0.9977932,0.0019365186,0.0001393341,0.0001310254
0.9993543,0.0003985422,0.00010349605,0.00014366374
0.9994168,0.00026141267,0.00018226568,0.00013946489
0.9991473,0.0005428848,6.1452854e-05,0.00024838044
0.9997023,0.00012571139,9.611695e-05,7.585905e-05
0.9997453,5.3382835e-05,0.00010394684,9.7400785e-05
0.99971145,9.8549244e-05,9.286663e-05,9.718427e-05
0.999782,7.976797e-05,6.576142e-05,7.246669e-05
0.9990345,0.0005958147,0.00026472722,0.00010498206
0.99966836,0.00013549485,0.000100991274,9.525247e-05
0.9995028,0.00020788398,0.00011564385,0.00017363411
0.9997607,9.671252e-05,5.0145336e-05,9.244281e-05
0.99917823,0.0006230973,0.00011212516,8.655103e-05
0.999803,6.603437e-05,7.4161704e-05,5.68418e-05
0.99978036,6.946773e-05,5.6960274e-05,9.315849e-05
0.999731,7.2941955e-05,0.000100320736,9.5723066e-05
0.9992938,0.00037232085,6.381174e-05,0.00027002065
0.9997099,9.8913566e-05,0.00011114494,8.000813e-05
0.99944013,0.0003919524,8.01135e-05,8.787519e-05
0.0071868547,0.94877756,0.04320766,0.0008279517
0.9994604,0.00030419364,0.00014930595,8.614908e-05
0.016986767,0.97714955,0.005391844,0.0004719244
0.9995925,0.00012225767,0.00012886054,0.0001565142
0.9995315,0.0003011601,6.576752e-05,0.000101578014
0.9995105,0.00034500132,6.136326e-05,8.311781e-05
0.99977535,8.0799815e-05,8.474873e-05,5.9096197e-05
0.9871999,0.011047841,0.0003628224,0.0013893684
0.9997353,8.789393e-05,8.182971e-05,9.488159e-05
0.9995828,0.00017481929,0.000116609,0.00012575608
0.99975103,0.00013334608,5.3973057e-05,6.169116e-05
0.99953246,0.00015024187,0.00010144287,0.0002158751
0.99845874,0.00046769442,0.00049995707,0.00057364086
0.99927646,0.0002680969,0.00020419247,0.00025124245
0.9996213,7.148161e-05,0.00014071613,0.00016653133
0.9997563,5.3220756e-05,9.967697e-05,9.082037e-05
0.9977303,0.0010982027,8.153743e-05,0.0010899198
0.9989699,0.0002724711,0.00029458906,0.00046298493
0.999519,0.00025525532,0.00011293837,0.00011277305
0.99927396,0.0004795531,9.673885e-05,0.00014977306
0.9927147,0.0007022661,0.00019163638,0.006391453
0.9958883,0.0022415307,0.0005978472,0.001272272
0.9996481,0.00010282512,0.00013622388,0.00011281289
0.9990326,0.00023381868,0.00016538314,0.0005681525
0.99000895,0.009080934,0.00024703308,0.0006630761
0.99896,0.0001110943,0.00039174134,0.00053704967
0.99850583,0.00044382986,0.00015532944,0.0008950829
0.9997241,0.00016085862,5.4775603e-05,6.0207156e-05
0.9997445,0.000110267516,5.91269e-05,8.615755e-05
0.99931467,0.00045315005,9.640009e-05,0.00013585312
0.99936384,0.00043305848,9.691617e-05,0.00010608366
0.99977,0.00014613752,3.5851328e-05,4.7960424e-05
0.9996296,0.0002067509,6.782486e-05,9.577965e-05
0.015343773,0.0012046694,0.45437577,0.5290758
0.9955923,0.00079576013,0.0009905987,0.0026212859
0.99853694,0.00013802969,0.00021380761,0.0011111912
0.9998161,6.20153e-05,5.0294428e-05,7.162425e-05
0.9990853,0.0004787557,0.0001397649,0.00029612702
0.99922013,0.00043667038,0.00021042503,0.00013267518
0.9996717,9.4429e-05,0.00012125339,0.000112652466
0.9996489,0.000121928635,0.00011333384,0.00011579983
0.010297496,0.00029109907,0.019987028,0.9694243
0.9997701,0.00011515867,4.007959e-05,7.4745396e-05
0.9993267,0.00046449434,0.000107537926,0.00010127566
0.99659866,0.00080167537,0.00040850602,0.002191288
0.8232366,0.17473489,0.00126468,0.0007638078
0.36209258,0.6360617,0.0012484967,0.0005972008
0.99973553,7.135574e-05,0.00010058291,9.256311e-05
0.99973446,0.00013362418,5.3798936e-05,7.815033e-05
0.026005927,0.32322457,0.6490035,0.0017660024
0.69764084,0.2885583,0.006022448,0.007778427
0.99869674,0.00064958516,0.0004077432,0.00024594975
0.9996344,0.00010120217,0.00012691162,0.00013746756
0.9990086,0.0001362227,0.000116793024,0.00073842535
0.9998049,7.064004e-05,5.328825e-05,7.116821e-05
0.99224675,0.0050886893,0.00097133557,0.0016932163
0.9988563,0.0006999775,5.657095e-05,0.00038718447
0.99977106,6.842676e-05,7.406364e-05,8.652527e-05
0.9970726,0.0013624955,0.0005160793,0.0010488732
0.999746,0.000100112265,7.4230644e-05,7.962145e-05
0.9996449,0.00020945533,4.7770336e-05,9.7836906e-05
0.99954635,8.380579e-05,0.00017305465,0.0001967513
0.9995993,0.00024775873,6.532801e-05,8.769661e-05
0.9996445,9.836622e-05,0.00017369998,8.332532e-05
0.9979266,0.0016951052,4.6879228e-05,0.00033136143
0.9992392,0.00019253729,0.0002911477,0.0002771456
0.99976236,8.789765e-05,7.425366e-05,7.5545584e-05
0.99966204,0.00017833992,9.608119e-05,6.3566375e-05
0.7336002,0.00053076836,0.004563011,0.2613061
0.99968886,5.6090557e-05,0.00012699749,0.00012807327
0.99971443,0.00012213145,8.10712e-05,8.2429375e-05
0.9996418,0.00022142663,7.745641e-05,5.9362526e-05
0.99960774,0.00026819907,5.1131756e-05,7.298278e-05
0.049320888,0.0021265403,0.9301803,0.018372178
0.99944276,0.00035015415,9.9288e-05,0.000107825035
0.9996536,0.00016613728,6.86645e-05,0.000111639856
